,eid,EPS
0,2-s2.0-44649183305,1
1,2-s2.0-73549095783,0
2,2-s2.0-29544432604,0
3,2-s2.0-85089601096,0
4,2-s2.0-85086899888,0
5,2-s2.0-85113205003,0
6,2-s2.0-85049058874,0
7,2-s2.0-84869152276,0
8,2-s2.0-85020022233,0
9,2-s2.0-85033588245,0
10,2-s2.0-84957587938,0
11,2-s2.0-85065413478,0
12,2-s2.0-85095421021,0
13,2-s2.0-85112492442,0
14,2-s2.0-70349625828,0
15,2-s2.0-85100016689,1
16,2-s2.0-85108010058,0
17,2-s2.0-84922243348,0
18,2-s2.0-85117330623,0
19,2-s2.0-85127256850,0
20,2-s2.0-84869176993,0
21,2-s2.0-84979584129,0
22,2-s2.0-85071397242,0
23,2-s2.0-85110335267,0
24,2-s2.0-84946867381,1
25,2-s2.0-85045932589,0
26,2-s2.0-84969262136,0
27,2-s2.0-85078771558,0
28,2-s2.0-85079628308,0
29,2-s2.0-84923238562,0
30,2-s2.0-85124585808,0
31,2-s2.0-84964228089,1
32,2-s2.0-84928169051,0
33,2-s2.0-85096188727,0
34,2-s2.0-84988659990,0
35,2-s2.0-85016960141,0
36,2-s2.0-85042117195,0
37,2-s2.0-84855476545,0
38,2-s2.0-85052871679,0
39,2-s2.0-85108179866,0
40,2-s2.0-84892722234,1
41,2-s2.0-85125401707,0
42,2-s2.0-85076496610,0
43,2-s2.0-84964299694,0
44,2-s2.0-84943592654,0
45,2-s2.0-85008199365,0
46,2-s2.0-84982166045,0
47,2-s2.0-85097080539,0
48,2-s2.0-85062683762,0
49,2-s2.0-85078676403,0
50,2-s2.0-85077675261,0
51,2-s2.0-85082740981,0
52,2-s2.0-84995933245,0
53,2-s2.0-84865241676,0
54,2-s2.0-84865308098,0
55,2-s2.0-85070617864,0
56,2-s2.0-85110685814,0
57,2-s2.0-79959950210,0
58,2-s2.0-85084064609,0
59,2-s2.0-85047630768,0
60,2-s2.0-85137275184,0
61,2-s2.0-85068049600,0
62,2-s2.0-85100112972,0
63,2-s2.0-84880812843,0
64,2-s2.0-84995701641,0
65,2-s2.0-85091478288,0
66,2-s2.0-0031742090,0
67,2-s2.0-70349205405,0
68,2-s2.0-84964298697,0
69,2-s2.0-85127594949,0
70,2-s2.0-84982949067,0
71,2-s2.0-85081371832,0
72,2-s2.0-85081277770,0
73,2-s2.0-85098543976,0
74,2-s2.0-84978255408,0
75,2-s2.0-84961908096,1
76,2-s2.0-85137626983,1
77,2-s2.0-85054578695,0
78,2-s2.0-85082681902,0
79,2-s2.0-85031426312,0
80,2-s2.0-85137043587,0
81,2-s2.0-77957885036,0
82,2-s2.0-85096439679,0
83,2-s2.0-85073771926,0
84,2-s2.0-85084520736,0
85,2-s2.0-85104239433,0
86,2-s2.0-85087523672,0
87,2-s2.0-85116002511,1
88,2-s2.0-85103540999,0
89,2-s2.0-85106494409,1
90,2-s2.0-85124482578,0
91,2-s2.0-84982217635,0
92,2-s2.0-85114632288,0
93,2-s2.0-85120971707,0
94,2-s2.0-85086232983,0
95,2-s2.0-85091208025,0
96,2-s2.0-85062106999,0
97,2-s2.0-85079015503,0
98,2-s2.0-85120061383,0
99,2-s2.0-85112435368,0
100,2-s2.0-85058939443,0
101,2-s2.0-85087941370,1
102,2-s2.0-84930474614,0
103,2-s2.0-84906751218,0
104,2-s2.0-85139154523,0
105,2-s2.0-85122473586,0
106,2-s2.0-85059315488,0
107,2-s2.0-85090335789,0
108,2-s2.0-85100290396,0
109,2-s2.0-85079051248,0
110,2-s2.0-85082718091,0
111,2-s2.0-85077857169,0
112,2-s2.0-85060034431,0
113,2-s2.0-85117391596,0
114,2-s2.0-85078758712,0
115,2-s2.0-85016438510,0
116,2-s2.0-85136290839,0
117,2-s2.0-85049808114,0
118,2-s2.0-85127322571,1
119,2-s2.0-85081116969,0
120,2-s2.0-85044280234,0
121,2-s2.0-85027958458,0
122,2-s2.0-85067349272,0
123,2-s2.0-85111421773,0
124,2-s2.0-84880783429,0
125,2-s2.0-84879845680,0
126,2-s2.0-85071727340,0
127,2-s2.0-85094180248,0
128,2-s2.0-85084475658,0
129,2-s2.0-85136352759,0
130,2-s2.0-85096001686,0
131,2-s2.0-85027930372,0
132,2-s2.0-84957671952,0
133,2-s2.0-84991329243,0
134,2-s2.0-85008873134,0
135,2-s2.0-85085892673,0
136,2-s2.0-84992202047,0
137,2-s2.0-85038838499,0
138,2-s2.0-85042178320,0
139,2-s2.0-85047002380,0
140,2-s2.0-85125704855,0
141,2-s2.0-85052221032,0
142,2-s2.0-85073015082,0
143,2-s2.0-85107390304,0
144,2-s2.0-85118572284,0
145,2-s2.0-85079698032,1
146,2-s2.0-84906502629,1
147,2-s2.0-85115874359,0
148,2-s2.0-85127244816,0
149,2-s2.0-84863631253,0
150,2-s2.0-85060865472,0
151,2-s2.0-85103641862,0
152,2-s2.0-85125836975,0
153,2-s2.0-85068471984,0
154,2-s2.0-85076851961,0
155,2-s2.0-84878601646,0
156,2-s2.0-15944371579,0
157,2-s2.0-85054626953,0
158,2-s2.0-85064198082,0
159,2-s2.0-85116518025,0
160,2-s2.0-85028954406,0
161,2-s2.0-84859950786,0
162,2-s2.0-85052833978,0
163,2-s2.0-84904039106,0
164,2-s2.0-48749133602,0
165,2-s2.0-85012297936,0
166,2-s2.0-85137979323,0
167,2-s2.0-84973154424,0
168,2-s2.0-85105104508,0
169,2-s2.0-85007342660,0
170,2-s2.0-85068765295,0
171,2-s2.0-84925691908,0
172,2-s2.0-84924287555,0
173,2-s2.0-85116329003,0
174,2-s2.0-84856580214,0
175,2-s2.0-85062276981,0
176,2-s2.0-84890312109,0
177,2-s2.0-0041821594,0
178,2-s2.0-85125420616,0
179,2-s2.0-85102521888,0
180,2-s2.0-85107653226,0
181,2-s2.0-84859109180,0
182,2-s2.0-84859158231,0
183,2-s2.0-85132746144,0
184,2-s2.0-85043584858,0
185,2-s2.0-85048707595,1
186,2-s2.0-77957862455,0
187,2-s2.0-85113513788,1
188,2-s2.0-70449424284,0
189,2-s2.0-85031499070,0
190,2-s2.0-84884595314,0
191,2-s2.0-85097711050,0
192,2-s2.0-85079058338,0
193,2-s2.0-85120831208,0
194,2-s2.0-85098054888,0
195,2-s2.0-85088591763,0
196,2-s2.0-85126093142,1
197,2-s2.0-85127628812,0
198,2-s2.0-85069600733,0
199,2-s2.0-85076619200,0
200,2-s2.0-85100904090,0
201,2-s2.0-85060084376,0
202,2-s2.0-85103541812,0
203,2-s2.0-85075869477,0
204,2-s2.0-85084185337,0
205,2-s2.0-85122742360,1
206,2-s2.0-85075166303,1
207,2-s2.0-80855139437,1
208,2-s2.0-85077070390,0
209,2-s2.0-85123024046,0
210,2-s2.0-84959420516,0
211,2-s2.0-85129326612,0
212,2-s2.0-85105833561,1
213,2-s2.0-85128757598,0
214,2-s2.0-85138195777,0
215,2-s2.0-85107740594,1
216,2-s2.0-85106266918,0
217,2-s2.0-0346724682,0
218,2-s2.0-85130991175,0
219,2-s2.0-33846606045,0
220,2-s2.0-85114001933,0
221,2-s2.0-85103240163,0
222,2-s2.0-85100255010,0
223,2-s2.0-85094124850,0
224,2-s2.0-0034298220,0
225,2-s2.0-85088784610,0
226,2-s2.0-66849111887,0
227,2-s2.0-85126869724,0
228,2-s2.0-85073182535,0
229,2-s2.0-85063151605,0
230,2-s2.0-85063578167,0
231,2-s2.0-85058884779,1
232,2-s2.0-85055559523,0
233,2-s2.0-85134535039,0
234,2-s2.0-67249122253,0
235,2-s2.0-85047246179,0
236,2-s2.0-85019222011,0
237,2-s2.0-84887828673,0
238,2-s2.0-85138183254,0
239,2-s2.0-85012280112,1
240,2-s2.0-84881164706,0
241,2-s2.0-85132557070,0
242,2-s2.0-85138089565,0
243,2-s2.0-85094101567,0
244,2-s2.0-85020785188,0
245,2-s2.0-84867566207,1
246,2-s2.0-85124524513,0
247,2-s2.0-67749084566,0
248,2-s2.0-84859367616,0
249,2-s2.0-67349209498,0
250,2-s2.0-85116930293,0
251,2-s2.0-85128737833,0
252,2-s2.0-0242658872,0
253,2-s2.0-0029729535,0
254,2-s2.0-85140966920,0
255,2-s2.0-85138594577,0
256,2-s2.0-85134754207,0
257,2-s2.0-85139839479,0
258,2-s2.0-85138051802,0
259,2-s2.0-85137726842,0
260,2-s2.0-85136171852,0
261,2-s2.0-85139918759,0
262,2-s2.0-85140018443,0
263,2-s2.0-85139911284,0
264,2-s2.0-85139346442,0
265,2-s2.0-85136167861,0
266,2-s2.0-85133640248,0
267,2-s2.0-85132884494,0
268,2-s2.0-85139961346,0
269,2-s2.0-85135396582,0
270,2-s2.0-85139184804,0
271,2-s2.0-85133452736,0
272,2-s2.0-85131458265,0
273,2-s2.0-85139401855,0
274,2-s2.0-85138768326,1
275,2-s2.0-85138329515,0
276,2-s2.0-85135501056,0
277,2-s2.0-85134657948,0
278,2-s2.0-85128869590,0
279,2-s2.0-85127368329,0
280,2-s2.0-85138007508,0
281,2-s2.0-85130332636,1
282,2-s2.0-85137240474,0
283,2-s2.0-85137193113,0
284,2-s2.0-85137125437,0
285,2-s2.0-85136341859,0
286,2-s2.0-85135072892,0
287,2-s2.0-85128183165,0
288,2-s2.0-85127676906,0
289,2-s2.0-85126776827,0
290,2-s2.0-85127815287,0
291,2-s2.0-85126529861,0
292,2-s2.0-85135125122,0
293,2-s2.0-85134579230,0
294,2-s2.0-85133804828,0
295,2-s2.0-85130209064,0
296,2-s2.0-85129983333,0
297,2-s2.0-85129953394,0
298,2-s2.0-85128890471,0
299,2-s2.0-85128467937,0
300,2-s2.0-85135584672,0
301,2-s2.0-85129074688,0
302,2-s2.0-85129032816,0
303,2-s2.0-85123451991,0
304,2-s2.0-85129740793,0
305,2-s2.0-85127358084,0
306,2-s2.0-85124712347,0
307,2-s2.0-85123526935,0
308,2-s2.0-85123263756,0
309,2-s2.0-85123077592,0
310,2-s2.0-85128060607,0
311,2-s2.0-85127183842,0
312,2-s2.0-85127071645,0
313,2-s2.0-85121661923,0
314,2-s2.0-85120580904,0
315,2-s2.0-85123570908,0
316,2-s2.0-85126960664,0
317,2-s2.0-85123027823,0
318,2-s2.0-85122638587,0
319,2-s2.0-85121216453,0
320,2-s2.0-85117947392,0
321,2-s2.0-85124870514,0
322,2-s2.0-85116012931,0
323,2-s2.0-85111845406,0
324,2-s2.0-85119254216,0
325,2-s2.0-85123167384,0
326,2-s2.0-85139993505,0
327,2-s2.0-85139168491,0
328,2-s2.0-85139117322,0
329,2-s2.0-85138215256,0
330,2-s2.0-85122186354,0
331,2-s2.0-85121594838,0
332,2-s2.0-85119901581,0
333,2-s2.0-85114672366,0
334,2-s2.0-85121304897,0
335,2-s2.0-85116063682,0
336,2-s2.0-85122806417,0
337,2-s2.0-85119879280,0
338,2-s2.0-85118766328,0
339,2-s2.0-85118361400,0
340,2-s2.0-85116292690,0
341,2-s2.0-85108569075,0
342,2-s2.0-85136455660,0
343,2-s2.0-85111310751,0
344,2-s2.0-85110481484,0
345,2-s2.0-85113667743,1
346,2-s2.0-85105830151,1
347,2-s2.0-85105693046,0
348,2-s2.0-85104982695,0
349,2-s2.0-85105292054,0
350,2-s2.0-85104303862,0
351,2-s2.0-85104843571,0
352,2-s2.0-85085759369,0
353,2-s2.0-84921044684,0
354,2-s2.0-85140476898,0
355,2-s2.0-84880137338,1
356,2-s2.0-85140596061,0
357,2-s2.0-85139829088,0
358,2-s2.0-85139009433,0
359,2-s2.0-85137168081,0
360,2-s2.0-85136503972,0
361,2-s2.0-85135891468,0
362,2-s2.0-85137165755,0
363,2-s2.0-85139218385,1
364,2-s2.0-85138447894,0
365,2-s2.0-85136771060,0
366,2-s2.0-85135384959,0
367,2-s2.0-85127510983,1
368,2-s2.0-85131515709,0
369,2-s2.0-85138914981,0
370,2-s2.0-85137215014,0
371,2-s2.0-85129855983,0
372,2-s2.0-85137260288,0
373,2-s2.0-85134264389,0
374,2-s2.0-85127313115,0
375,2-s2.0-85126575415,0
376,2-s2.0-85126712330,0
377,2-s2.0-85117114199,0
378,2-s2.0-85116901017,0
379,2-s2.0-85116898977,0
380,2-s2.0-85125622408,0
381,2-s2.0-85132173603,0
382,2-s2.0-85130796845,0
383,2-s2.0-85127647558,1
384,2-s2.0-85124237683,0
385,2-s2.0-85124514197,1
386,2-s2.0-85111051240,0
387,2-s2.0-85128473613,0
388,2-s2.0-85126585216,0
389,2-s2.0-84908459413,1
390,2-s2.0-85123924417,0
391,2-s2.0-85118201536,0
392,2-s2.0-85127403713,0
393,2-s2.0-85124400440,0
394,2-s2.0-85140293442,0
395,2-s2.0-85122228620,0
396,2-s2.0-85125722070,0
397,2-s2.0-85123727520,0
398,2-s2.0-85120991745,0
399,2-s2.0-85139999102,0
400,2-s2.0-85139766400,0
401,2-s2.0-85139128720,0
402,2-s2.0-85138832223,1
403,2-s2.0-85130945340,0
404,2-s2.0-85128786750,0
405,2-s2.0-85128228641,0
406,2-s2.0-85123848196,0
407,2-s2.0-85122851447,0
408,2-s2.0-85118498185,0
409,2-s2.0-85118491613,0
410,2-s2.0-85116227710,0
411,2-s2.0-85115228606,0
412,2-s2.0-85108292703,0
413,2-s2.0-85098639360,0
414,2-s2.0-85120651264,1
415,2-s2.0-85118557055,0
416,2-s2.0-85117366598,0
417,2-s2.0-85110425271,0
418,2-s2.0-85105637643,0
419,2-s2.0-85117403165,0
420,2-s2.0-85119894231,0
421,2-s2.0-85115369001,0
422,2-s2.0-85115103591,0
423,2-s2.0-85114122229,0
424,2-s2.0-85114093133,0
425,2-s2.0-85107920689,1
426,2-s2.0-85111751833,0
427,2-s2.0-85116412081,0
428,2-s2.0-85115783131,0
429,2-s2.0-85100737405,0
430,2-s2.0-85106691869,0
431,2-s2.0-85111647334,0
432,2-s2.0-85111034280,0
433,2-s2.0-85109173933,0
434,2-s2.0-85107388993,1
435,2-s2.0-85113422531,0
436,2-s2.0-85062880631,1
437,2-s2.0-85107923775,0
438,2-s2.0-85100453034,0
439,2-s2.0-85109369188,0
440,2-s2.0-85107342501,1
441,2-s2.0-85087588371,0
442,2-s2.0-85100198354,1
443,2-s2.0-85102891166,0
444,2-s2.0-85104062256,0
445,2-s2.0-85103452752,0
446,2-s2.0-85101546285,0
447,2-s2.0-85100389817,0
448,2-s2.0-85086870851,0
449,2-s2.0-85102388575,0
450,2-s2.0-85100261720,0
451,2-s2.0-85100245379,0
452,2-s2.0-85099973230,0
453,2-s2.0-85091933163,0
454,2-s2.0-85090408149,0
455,2-s2.0-85099789532,0
456,2-s2.0-85110510944,0
457,2-s2.0-85109888981,0
458,2-s2.0-85105010815,0
459,2-s2.0-85089395722,0
460,2-s2.0-85090157329,0
461,2-s2.0-85098887296,0
462,2-s2.0-85097200445,0
463,2-s2.0-85089438453,0
464,2-s2.0-85088749993,0
465,2-s2.0-85085944082,0
466,2-s2.0-85028986408,0
467,2-s2.0-85043476305,1
468,2-s2.0-85094215648,0
469,2-s2.0-84976574490,0
470,2-s2.0-85090044764,0
471,2-s2.0-84923817862,1
472,2-s2.0-85092703841,0
473,2-s2.0-85092692701,0
474,2-s2.0-85087206956,0
475,2-s2.0-80053547860,1
476,2-s2.0-85091363425,0
477,2-s2.0-85087005163,0
478,2-s2.0-85086719138,0
479,2-s2.0-85089855488,0
480,2-s2.0-85089512851,0
481,2-s2.0-85088107732,0
482,2-s2.0-85083514924,0
483,2-s2.0-85088663799,0
484,2-s2.0-85083839796,0
485,2-s2.0-85081653539,0
486,2-s2.0-85079489701,0
487,2-s2.0-84871533198,1
488,2-s2.0-85080037446,0
489,2-s2.0-85078446081,0
490,2-s2.0-85077946734,0
491,2-s2.0-85100703214,0
492,2-s2.0-85082759663,1
493,2-s2.0-85076572660,1
494,2-s2.0-84963967587,1
495,2-s2.0-85078209133,0
496,2-s2.0-85075302753,0
497,2-s2.0-85081283583,0
498,2-s2.0-85080992355,0
499,2-s2.0-85079456208,0
500,2-s2.0-85075951203,0
501,2-s2.0-85074583222,0
502,2-s2.0-85078396608,0
503,2-s2.0-85072982208,0
504,2-s2.0-85065729442,0
505,2-s2.0-85083880222,0
506,2-s2.0-85074582385,0
507,2-s2.0-85106932408,1
508,2-s2.0-85076991162,0
509,2-s2.0-85082309456,0
510,2-s2.0-85081231112,1
511,2-s2.0-85064655976,0
512,2-s2.0-85074274958,0
513,2-s2.0-85077570551,0
514,2-s2.0-85072539697,0
515,2-s2.0-85070910431,0
516,2-s2.0-85068252134,0
517,2-s2.0-85069768109,0
518,2-s2.0-85066069797,0
519,2-s2.0-85065496085,0
520,2-s2.0-85069865235,0
521,2-s2.0-85070598756,0
522,2-s2.0-85069948862,0
523,2-s2.0-85064160508,0
524,2-s2.0-85076864681,1
525,2-s2.0-85064052036,0
526,2-s2.0-85063113861,0
527,2-s2.0-85062537875,0
528,2-s2.0-85061526539,1
529,2-s2.0-85061322692,1
530,2-s2.0-85067602233,1
531,2-s2.0-85063903866,0
532,2-s2.0-85065074247,0
533,2-s2.0-85060339074,1
534,2-s2.0-85041570604,0
535,2-s2.0-85085875203,0
536,2-s2.0-85060647764,0
537,2-s2.0-85057150401,0
538,2-s2.0-85062077536,0
539,2-s2.0-85054572957,0
540,2-s2.0-85053463637,0
541,2-s2.0-85059614858,0
542,2-s2.0-85076756539,0
543,2-s2.0-85070874467,1
544,2-s2.0-85065037392,0
545,2-s2.0-85062810294,0
546,2-s2.0-85059343247,0
547,2-s2.0-85054690895,0
548,2-s2.0-78449266133,0
549,2-s2.0-85053827671,0
550,2-s2.0-85053825177,0
551,2-s2.0-85053079782,0
552,2-s2.0-85048882380,0
553,2-s2.0-85050682134,1
554,2-s2.0-85041593262,0
555,2-s2.0-85047789659,0
556,2-s2.0-85047612523,0
557,2-s2.0-85032220739,0
558,2-s2.0-85049482479,0
559,2-s2.0-85052597534,0
560,2-s2.0-85049585870,0
561,2-s2.0-85043317304,0
562,2-s2.0-85042454663,0
563,2-s2.0-85055957062,0
564,2-s2.0-85045903830,1
565,2-s2.0-85044638125,0
566,2-s2.0-85043995331,0
567,2-s2.0-85035045153,0
568,2-s2.0-85042867508,0
569,2-s2.0-85040127753,0
570,2-s2.0-85025110109,0
571,2-s2.0-85041694491,0
572,2-s2.0-85044722944,0
573,2-s2.0-85044344673,0
574,2-s2.0-84976299681,0
575,2-s2.0-85011854112,0
576,2-s2.0-85048286376,1
577,2-s2.0-85044286553,0
578,2-s2.0-85096892320,1
579,2-s2.0-85034094503,0
580,2-s2.0-85038871478,0
581,2-s2.0-85037355932,0
582,2-s2.0-85026417505,1
583,2-s2.0-85096036059,0
584,2-s2.0-85042786025,0
585,2-s2.0-85017116102,0
586,2-s2.0-84991079644,0
587,2-s2.0-85029712339,0
588,2-s2.0-84965036487,0
589,2-s2.0-85021701261,0
590,2-s2.0-85016429289,0
591,2-s2.0-85008721589,0
592,2-s2.0-84940177218,0
593,2-s2.0-85014110978,0
594,2-s2.0-85027955099,0
595,2-s2.0-85009910395,0
596,2-s2.0-85008481831,0
597,2-s2.0-84997611014,0
598,2-s2.0-85006415928,0
599,2-s2.0-85029535906,0
600,2-s2.0-85028235927,0
601,2-s2.0-85025610892,0
602,2-s2.0-85058690710,0
603,2-s2.0-85016565612,1
604,2-s2.0-85016390575,0
605,2-s2.0-85014440480,0
606,2-s2.0-85012108007,0
607,2-s2.0-85008352580,0
608,2-s2.0-85007480248,0
609,2-s2.0-84996957331,0
610,2-s2.0-84991372855,0
611,2-s2.0-84959104633,0
612,2-s2.0-85000702146,0
613,2-s2.0-85000461141,0
614,2-s2.0-85008158331,0
615,2-s2.0-85006409706,1
616,2-s2.0-84963745998,0
617,2-s2.0-84957549224,0
618,2-s2.0-84952359825,0
619,2-s2.0-85078592605,1
620,2-s2.0-84962316148,0
621,2-s2.0-84959257177,0
622,2-s2.0-84959218230,0
623,2-s2.0-84961859508,0
624,2-s2.0-84962300674,0
625,2-s2.0-84953744802,0
626,2-s2.0-84950243544,1
627,2-s2.0-84948188386,1
628,2-s2.0-84976512544,1
629,2-s2.0-85042156446,1
630,2-s2.0-84947290987,1
631,2-s2.0-84949646539,0
632,2-s2.0-84942057811,0
633,2-s2.0-84933556051,0
634,2-s2.0-84939432017,0
635,2-s2.0-84980315848,0
636,2-s2.0-84940175578,0
637,2-s2.0-84924765717,0
638,2-s2.0-84930382809,0
639,2-s2.0-84936985194,0
640,2-s2.0-84937116207,0
641,2-s2.0-84937640425,1
642,2-s2.0-84930864923,0
643,2-s2.0-84927909923,0
644,2-s2.0-84927748827,0
645,2-s2.0-84923086486,1
646,2-s2.0-84921999900,0
647,2-s2.0-84971482798,0
648,2-s2.0-84949119055,0
649,2-s2.0-85039159703,0
650,2-s2.0-84910066272,0
651,2-s2.0-84919723187,0
652,2-s2.0-84922370548,1
653,2-s2.0-84906715196,0
654,2-s2.0-84890845328,0
655,2-s2.0-84983232269,0
656,2-s2.0-84872517879,1
657,2-s2.0-84907362066,0
658,2-s2.0-84903450257,0
659,2-s2.0-85028518680,0
660,2-s2.0-84899006502,1
661,2-s2.0-84893402960,0
662,2-s2.0-84890221577,0
663,2-s2.0-84890161367,0
664,2-s2.0-84887188922,0
665,2-s2.0-84880327457,0
666,2-s2.0-85113838468,1
667,2-s2.0-84877126300,0
668,2-s2.0-85021741468,0
669,2-s2.0-84876673417,0
670,2-s2.0-84876325142,0
671,2-s2.0-84875222608,0
672,2-s2.0-84874408246,0
673,2-s2.0-85139249999,0
674,2-s2.0-84903166872,0
675,2-s2.0-84871464093,1
676,2-s2.0-84886587020,0
677,2-s2.0-84885795950,1
678,2-s2.0-84885443853,0
679,2-s2.0-84885046999,1
680,2-s2.0-84877828781,0
681,2-s2.0-84876196398,1
682,2-s2.0-84874335506,0
683,2-s2.0-84871763590,0
684,2-s2.0-84871232104,1
685,2-s2.0-84868206704,0
686,2-s2.0-85126396700,1
687,2-s2.0-84861225751,0
688,2-s2.0-84860916496,0
689,2-s2.0-84873862548,0
690,2-s2.0-84859570324,0
691,2-s2.0-84857032120,0
692,2-s2.0-84859195629,0
693,2-s2.0-84862253419,0
694,2-s2.0-84859099983,0
695,2-s2.0-80052781043,0
696,2-s2.0-79957439604,0
697,2-s2.0-79951642426,0
698,2-s2.0-79851506650,0
699,2-s2.0-84886778439,0
700,2-s2.0-80054033962,0
701,2-s2.0-84864033848,0
702,2-s2.0-78649261526,0
703,2-s2.0-79953224579,0
704,2-s2.0-77952090415,1
705,2-s2.0-77955231997,0
706,2-s2.0-67651027603,0
707,2-s2.0-65549087164,0
708,2-s2.0-63149113306,0
709,2-s2.0-63449089699,0
710,2-s2.0-70349679078,0
711,2-s2.0-58549110419,1
712,2-s2.0-40349089088,0
713,2-s2.0-51449084869,1
714,2-s2.0-34249693032,1
715,2-s2.0-34147189640,0
716,2-s2.0-33947212915,0
717,2-s2.0-33749261112,0
718,2-s2.0-84878404241,0
719,2-s2.0-34047232179,0
720,2-s2.0-34147178514,0
721,2-s2.0-33646778829,1
722,2-s2.0-26844446363,0
723,2-s2.0-20844444323,0
724,2-s2.0-25144457651,0
725,2-s2.0-9744254431,0
726,2-s2.0-1842784526,0
727,2-s2.0-0141889607,0
728,2-s2.0-0036070555,0
729,2-s2.0-0035254971,0
730,2-s2.0-0034425738,0
731,2-s2.0-0034209925,0
732,2-s2.0-0032786138,0
733,2-s2.0-0344210386,0
734,2-s2.0-0030251220,0
735,2-s2.0-0030092692,0
736,2-s2.0-0029667933,0
737,2-s2.0-0029416404,0
738,2-s2.0-0029488431,0
739,2-s2.0-85140057905,0
740,2-s2.0-85140075125,0
741,2-s2.0-85139368093,0
742,2-s2.0-85139371839,0
743,2-s2.0-35348814301,1
744,2-s2.0-85137040147,0
745,2-s2.0-85139072900,0
746,2-s2.0-85140138764,0
747,2-s2.0-85140062082,0
748,2-s2.0-85139595678,0
749,2-s2.0-85132546192,0
750,2-s2.0-67349272009,0
751,2-s2.0-84859295391,1
752,2-s2.0-85131735322,0
753,2-s2.0-85063958781,0
754,2-s2.0-0034991588,0
755,2-s2.0-85134883759,0
756,2-s2.0-77649193170,0
757,2-s2.0-85130189097,0
758,2-s2.0-85139811587,0
759,2-s2.0-79955664178,1
760,2-s2.0-85138030417,0
761,2-s2.0-78449239545,0
762,2-s2.0-78651381621,0
763,2-s2.0-48749115215,0
764,2-s2.0-85139777028,0
765,2-s2.0-85136099704,0
766,2-s2.0-28344443385,0
767,2-s2.0-85134250854,0
768,2-s2.0-85137885719,0
769,2-s2.0-85137546841,0
770,2-s2.0-85131367347,0
771,2-s2.0-85040781803,1
772,2-s2.0-84978850717,0
773,2-s2.0-85044239456,0
774,2-s2.0-38549168651,0
775,2-s2.0-85130109503,0
776,2-s2.0-84993983155,1
777,2-s2.0-85132858183,0
778,2-s2.0-85133654874,0
779,2-s2.0-28344456624,0
780,2-s2.0-85129238774,0
781,2-s2.0-85135890585,0
782,2-s2.0-85135443398,0
783,2-s2.0-85126013561,0
784,2-s2.0-85131050033,0
785,2-s2.0-80053550217,1
786,2-s2.0-85130785161,0
787,2-s2.0-84880001648,0
788,2-s2.0-85122384883,0
789,2-s2.0-85128238428,0
790,2-s2.0-85125303420,0
791,2-s2.0-77954625175,1
792,2-s2.0-85123871242,0
793,2-s2.0-85118609491,0
794,2-s2.0-85137071401,0
795,2-s2.0-85133601951,0
796,2-s2.0-85113760436,0
797,2-s2.0-85114033178,0
798,2-s2.0-85135521153,0
799,2-s2.0-85111218554,0
800,2-s2.0-85077031576,1
801,2-s2.0-85112569256,0
802,2-s2.0-85114021461,0
803,2-s2.0-85107379351,0
804,2-s2.0-85099632482,0
805,2-s2.0-85098993501,0
806,2-s2.0-84954285345,1
807,2-s2.0-85096484436,0
808,2-s2.0-85098090112,0
809,2-s2.0-85098460577,0
810,2-s2.0-85089859130,0
811,2-s2.0-85090323951,0
812,2-s2.0-85089099303,0
813,2-s2.0-35448967791,0
814,2-s2.0-85073747395,1
815,2-s2.0-85129423106,0
816,2-s2.0-85088261239,0
817,2-s2.0-85076909354,0
818,2-s2.0-84861847096,1
819,2-s2.0-85081649683,0
820,2-s2.0-85083682490,0
821,2-s2.0-85081695970,0
822,2-s2.0-85072289737,0
823,2-s2.0-85066433974,0
824,2-s2.0-85051815679,1
825,2-s2.0-85060652748,0
826,2-s2.0-85059740287,0
827,2-s2.0-85055646411,0
828,2-s2.0-52449110028,0
829,2-s2.0-85029168119,1
830,2-s2.0-85065475509,0
831,2-s2.0-85063423320,0
832,2-s2.0-85093533859,0
833,2-s2.0-85129224029,0
834,2-s2.0-79953068083,1
835,2-s2.0-0346965430,0
836,2-s2.0-85051987476,0
837,2-s2.0-85038100664,0
838,2-s2.0-85049574334,0
839,2-s2.0-85126086801,0
840,2-s2.0-84964339382,0
841,2-s2.0-74549118932,1
842,2-s2.0-84992491192,0
843,2-s2.0-84961960531,0
844,2-s2.0-84862170625,0
845,2-s2.0-57049155415,0
846,2-s2.0-34548282201,0
847,2-s2.0-84871993250,0
848,2-s2.0-84964689580,0
849,2-s2.0-79952897520,0
850,2-s2.0-85138027701,0
851,2-s2.0-84899863199,0
852,2-s2.0-0036230020,0
853,2-s2.0-85019630141,1
854,2-s2.0-33845687682,0
855,2-s2.0-84870023811,0
856,2-s2.0-0031399023,0
857,2-s2.0-80051976316,0
858,2-s2.0-0036326488,0
859,2-s2.0-84901504678,0
860,2-s2.0-85134882538,0
861,2-s2.0-85062706426,0
862,2-s2.0-85015090743,1
863,2-s2.0-84903773900,0
864,2-s2.0-80052892660,1
865,2-s2.0-85128292230,0
866,2-s2.0-84878680174,0
867,2-s2.0-85128483819,0
868,2-s2.0-84961626569,1
869,2-s2.0-85127594651,0
870,2-s2.0-85006827379,1
871,2-s2.0-84877017633,1
872,2-s2.0-85135500244,0
873,2-s2.0-0344962386,0
874,2-s2.0-85139157836,0
875,2-s2.0-0031887636,0
876,2-s2.0-84870250975,0
877,2-s2.0-84883559874,0
878,2-s2.0-85131548561,0
879,2-s2.0-0030815940,0
880,2-s2.0-84940436312,0
881,2-s2.0-61649126483,0
882,2-s2.0-13944261229,0
883,2-s2.0-84922356118,1
884,2-s2.0-85133974282,0
885,2-s2.0-84902158811,1
886,2-s2.0-85136406933,0
887,2-s2.0-85125326740,0
888,2-s2.0-84865588816,0
889,2-s2.0-70450239613,0
890,2-s2.0-84885460862,0
891,2-s2.0-80052261171,0
892,2-s2.0-84945289591,0
893,2-s2.0-85122960530,0
894,2-s2.0-85089785569,1
895,2-s2.0-85130260996,0
896,2-s2.0-84938862250,1
897,2-s2.0-85121904146,0
898,2-s2.0-85053353564,0
899,2-s2.0-67651158853,0
900,2-s2.0-85129683226,0
901,2-s2.0-85121348614,0
902,2-s2.0-84919782106,0
903,2-s2.0-85117737192,0
904,2-s2.0-67949098940,1
905,2-s2.0-84994662790,1
906,2-s2.0-85112540462,0
907,2-s2.0-85125111139,0
908,2-s2.0-55949114100,0
909,2-s2.0-85125096965,0
910,2-s2.0-79952736919,0
911,2-s2.0-85123956586,0
912,2-s2.0-84983009802,1
913,2-s2.0-84867681920,0
914,2-s2.0-80855132648,0
915,2-s2.0-84927668209,0
916,2-s2.0-84901343105,0
917,2-s2.0-85060939563,1
918,2-s2.0-84867136371,1
919,2-s2.0-85119413689,0
920,2-s2.0-84890102408,0
921,2-s2.0-84860431262,0
922,2-s2.0-80052063046,0
923,2-s2.0-34548774488,0
924,2-s2.0-85114317426,0
925,2-s2.0-85105462347,0
926,2-s2.0-84874402677,0
927,2-s2.0-85060895661,1
928,2-s2.0-85078985414,1
929,2-s2.0-85140270517,0
930,2-s2.0-60749127573,0
931,2-s2.0-35748974837,0
932,2-s2.0-85087560784,1
933,2-s2.0-84897028472,0
934,2-s2.0-84912091509,0
935,2-s2.0-85019734777,1
936,2-s2.0-85083366870,0
937,2-s2.0-85032361519,1
938,2-s2.0-84952883216,0
939,2-s2.0-84908463039,1
940,2-s2.0-58749110304,0
941,2-s2.0-85036663545,1
942,2-s2.0-84928096388,1
943,2-s2.0-64249153234,0
944,2-s2.0-85137220476,0
945,2-s2.0-84994048790,1
946,2-s2.0-0036841493,0
947,2-s2.0-85131556197,0
948,2-s2.0-85131074115,0
949,2-s2.0-85081366427,0
950,2-s2.0-84905251538,0
951,2-s2.0-85002170901,0
952,2-s2.0-84948767348,1
953,2-s2.0-85021824893,0
954,2-s2.0-85086069035,1
955,2-s2.0-85125957215,0
956,2-s2.0-84979699685,0
957,2-s2.0-84870056676,0
958,2-s2.0-85123636932,0
959,2-s2.0-85123166507,0
960,2-s2.0-85131693069,0
961,2-s2.0-85056560239,0
962,2-s2.0-85123733792,0
963,2-s2.0-85065708446,0
964,2-s2.0-85027919895,0
965,2-s2.0-85121458669,0
966,2-s2.0-85120848317,0
967,2-s2.0-85059447387,1
968,2-s2.0-85099619731,1
969,2-s2.0-85119171142,0
970,2-s2.0-85132836295,0
971,2-s2.0-1642602280,0
972,2-s2.0-79956279788,0
973,2-s2.0-85115765822,0
974,2-s2.0-85079384962,1
975,2-s2.0-85103678933,0
976,2-s2.0-85107409011,0
977,2-s2.0-85105042555,0
978,2-s2.0-85049005601,0
979,2-s2.0-84864587774,0
980,2-s2.0-85125752753,0
981,2-s2.0-80052033784,0
982,2-s2.0-81555219216,0
983,2-s2.0-85120918984,0
984,2-s2.0-85122700820,0
985,2-s2.0-85126132607,0
986,2-s2.0-85121656664,0
987,2-s2.0-84978197314,0
988,2-s2.0-84903782914,0
989,2-s2.0-84856760875,0
990,2-s2.0-85044163321,0
991,2-s2.0-85077623332,1
992,2-s2.0-84908303449,0
993,2-s2.0-85125662894,0
994,2-s2.0-84881171918,0
995,2-s2.0-84877333161,0
996,2-s2.0-77957698342,0
997,2-s2.0-85123378503,0
998,2-s2.0-85115959742,0
999,2-s2.0-85134793134,0
1000,2-s2.0-85059040177,0
1001,2-s2.0-85056114170,1
1002,2-s2.0-84992021868,0
1003,2-s2.0-85109308563,0
1004,2-s2.0-84923309009,0
1005,2-s2.0-84876886281,0
1006,2-s2.0-84883133215,0
1007,2-s2.0-85072289294,1
1008,2-s2.0-77958538627,0
1009,2-s2.0-84984861288,0
1010,2-s2.0-84893767604,0
1011,2-s2.0-85121451784,0
1012,2-s2.0-85123720227,0
1013,2-s2.0-85123019084,0
1014,2-s2.0-85123700890,0
1015,2-s2.0-85122240650,0
1016,2-s2.0-85117605121,0
1017,2-s2.0-85025692542,0
1018,2-s2.0-85011961106,0
1019,2-s2.0-85068474923,1
1020,2-s2.0-85136713072,0
1021,2-s2.0-85065102757,1
1022,2-s2.0-85032942771,1
1023,2-s2.0-85037612780,0
1024,2-s2.0-0033180310,0
1025,2-s2.0-85063741913,0
1026,2-s2.0-78649348280,0
1027,2-s2.0-85113958827,0
1028,2-s2.0-85108139275,0
1029,2-s2.0-84945441892,0
1030,2-s2.0-84858747891,0
1031,2-s2.0-84864411438,1
1032,2-s2.0-85117736316,0
1033,2-s2.0-85132746565,0
1034,2-s2.0-84954048936,0
1035,2-s2.0-84958770309,0
1036,2-s2.0-85118579949,0
1037,2-s2.0-85082488859,0
1038,2-s2.0-85069848592,1
1039,2-s2.0-84889653198,0
1040,2-s2.0-84860918456,0
1041,2-s2.0-84915811359,1
1042,2-s2.0-84856022161,0
1043,2-s2.0-85115651431,0
1044,2-s2.0-84895756147,0
1045,2-s2.0-85106550254,0
1046,2-s2.0-85105960265,0
1047,2-s2.0-85116038345,0
1048,2-s2.0-85100901176,1
1049,2-s2.0-85122249523,0
1050,2-s2.0-85051659652,0
1051,2-s2.0-84979665390,0
1052,2-s2.0-84964937329,0
1053,2-s2.0-77953047244,0
1054,2-s2.0-77649272564,0
1055,2-s2.0-85111501625,0
1056,2-s2.0-84939979200,0
1057,2-s2.0-29144433324,0
1058,2-s2.0-85075735521,0
1059,2-s2.0-85109567562,0
1060,2-s2.0-85119000764,0
1061,2-s2.0-85116438098,0
1062,2-s2.0-85104949017,0
1063,2-s2.0-84964374791,0
1064,2-s2.0-85091762708,1
1065,2-s2.0-85043578084,1
1066,2-s2.0-85119332211,0
1067,2-s2.0-84962845330,0
1068,2-s2.0-84889664059,0
1069,2-s2.0-79955718050,0
1070,2-s2.0-84898440866,0
1071,2-s2.0-84905689356,1
1072,2-s2.0-66249089503,0
1073,2-s2.0-85107720383,0
1074,2-s2.0-80053563270,0
1075,2-s2.0-84929447961,0
1076,2-s2.0-85119282781,0
1077,2-s2.0-85098638982,0
1078,2-s2.0-0036294513,0
1079,2-s2.0-84937978404,0
1080,2-s2.0-62849128147,0
1081,2-s2.0-85065902308,0
1082,2-s2.0-0034950728,1
1083,2-s2.0-84962138123,0
1084,2-s2.0-84949495704,0
1085,2-s2.0-85110746786,0
1086,2-s2.0-0025919054,0
1087,2-s2.0-85082628354,1
1088,2-s2.0-85057051272,1
1089,2-s2.0-85030460705,1
1090,2-s2.0-84983465556,0
1091,2-s2.0-84978986492,0
1092,2-s2.0-85058861871,1
1093,2-s2.0-84904675926,0
1094,2-s2.0-84896317320,0
1095,2-s2.0-85049327931,0
1096,2-s2.0-84980398175,0
1097,2-s2.0-85006124200,0
1098,2-s2.0-85053536517,1
1099,2-s2.0-84958964978,0
1100,2-s2.0-85066398129,0
1101,2-s2.0-85111320718,0
1102,2-s2.0-85115650819,0
1103,2-s2.0-84890374522,0
1104,2-s2.0-53249097337,0
1105,2-s2.0-8844259543,0
1106,2-s2.0-85110683957,0
1107,2-s2.0-85079859340,0
1108,2-s2.0-84961285957,0
1109,2-s2.0-85102638105,0
1110,2-s2.0-84937520606,0
1111,2-s2.0-85102430313,0
1112,2-s2.0-84958267771,0
1113,2-s2.0-85106727827,0
1114,2-s2.0-84907323796,0
1115,2-s2.0-84862003632,0
1116,2-s2.0-85015861177,1
1117,2-s2.0-85105595315,0
1118,2-s2.0-80054071707,0
1119,2-s2.0-79960015608,0
1120,2-s2.0-51449110991,0
1121,2-s2.0-84992046664,1
1122,2-s2.0-85050913555,1
1123,2-s2.0-84959269940,1
1124,2-s2.0-84907309878,0
1125,2-s2.0-85134526362,0
1126,2-s2.0-84913594031,0
1127,2-s2.0-77954484596,1
1128,2-s2.0-11044236272,0
1129,2-s2.0-85096394947,0
1130,2-s2.0-85077680169,0
1131,2-s2.0-85087517562,1
1132,2-s2.0-85076703003,1
1133,2-s2.0-84958103196,0
1134,2-s2.0-84941633315,0
1135,2-s2.0-85105796878,0
1136,2-s2.0-85104203993,0
1137,2-s2.0-85027953407,0
1138,2-s2.0-84889597934,0
1139,2-s2.0-72049106359,0
1140,2-s2.0-85044725253,0
1141,2-s2.0-85033490010,0
1142,2-s2.0-77956169978,0
1143,2-s2.0-84901927068,0
1144,2-s2.0-85103123291,0
1145,2-s2.0-84990878438,0
1146,2-s2.0-84995917606,0
1147,2-s2.0-85099098329,0
1148,2-s2.0-84898910168,0
1149,2-s2.0-85099278474,0
1150,2-s2.0-85102653607,0
1151,2-s2.0-84857440515,0
1152,2-s2.0-34249104197,0
1153,2-s2.0-85108705979,0
1154,2-s2.0-85111016099,0
1155,2-s2.0-84977482005,0
1156,2-s2.0-85101307358,0
1157,2-s2.0-85083330929,0
1158,2-s2.0-85100422801,0
1159,2-s2.0-84949639441,0
1160,2-s2.0-85099838762,0
1161,2-s2.0-84922349337,1
1162,2-s2.0-84994205097,0
1163,2-s2.0-85099176098,1
1164,2-s2.0-85098701269,0
1165,2-s2.0-84921313029,0
1166,2-s2.0-85027940564,1
1167,2-s2.0-79952046237,0
1168,2-s2.0-85052960089,0
1169,2-s2.0-85036470353,1
1170,2-s2.0-85103841284,0
1171,2-s2.0-85099376427,0
1172,2-s2.0-85139197615,0
1173,2-s2.0-77957322914,0
1174,2-s2.0-85068056559,0
1175,2-s2.0-35348934887,0
1176,2-s2.0-85050920210,0
1177,2-s2.0-85103388509,0
1178,2-s2.0-85101080029,0
1179,2-s2.0-85021374978,1
1180,2-s2.0-85099954704,0
1181,2-s2.0-85039056142,0
1182,2-s2.0-84992166069,1
1183,2-s2.0-84881660973,0
1184,2-s2.0-85070792879,0
1185,2-s2.0-84994000475,0
1186,2-s2.0-85045842125,0
1187,2-s2.0-84878994845,1
1188,2-s2.0-84871413284,0
1189,2-s2.0-85087206074,1
1190,2-s2.0-85062057729,0
1191,2-s2.0-85092499110,0
1192,2-s2.0-84883631460,0
1193,2-s2.0-85091643285,0
1194,2-s2.0-85090565963,0
1195,2-s2.0-85132996782,0
1196,2-s2.0-79960373930,0
1197,2-s2.0-85061969457,0
1198,2-s2.0-85016433316,0
1199,2-s2.0-85098456999,0
1200,2-s2.0-85122359798,0
1201,2-s2.0-84879506391,0
1202,2-s2.0-84858334664,0
1203,2-s2.0-85014555910,0
1204,2-s2.0-85114186034,0
1205,2-s2.0-85120084979,0
1206,2-s2.0-85079589003,0
1207,2-s2.0-85104962614,0
1208,2-s2.0-85104269981,0
1209,2-s2.0-85100709171,0
1210,2-s2.0-84867316483,0
1211,2-s2.0-39349113834,0
1212,2-s2.0-85029476065,0
1213,2-s2.0-84941623651,0
1214,2-s2.0-84936802913,1
1215,2-s2.0-85093951956,0
1216,2-s2.0-85092150855,0
1217,2-s2.0-84904817371,0
1218,2-s2.0-84906764614,0
1219,2-s2.0-34447104357,0
1220,2-s2.0-85078408456,0
1221,2-s2.0-85091201713,0
1222,2-s2.0-84885461390,0
1223,2-s2.0-34848920645,0
1224,2-s2.0-85097647661,0
1225,2-s2.0-85094958925,0
1226,2-s2.0-84856336843,0
1227,2-s2.0-84862204389,0
1228,2-s2.0-85073161564,0
1229,2-s2.0-85018851481,0
1230,2-s2.0-85066285007,0
1231,2-s2.0-85090697018,0
1232,2-s2.0-85084195346,0
1233,2-s2.0-84926141135,0
1234,2-s2.0-85101705972,0
1235,2-s2.0-84888113156,0
1236,2-s2.0-85018800296,0
1237,2-s2.0-85074162726,1
1238,2-s2.0-85088925026,0
1239,2-s2.0-85092427754,1
1240,2-s2.0-85081283981,1
1241,2-s2.0-85095432200,0
1242,2-s2.0-85067292541,0
1243,2-s2.0-85073718099,1
1244,2-s2.0-84887952002,1
1245,2-s2.0-85096204063,0
1246,2-s2.0-85100414712,1
1247,2-s2.0-84865327722,0
1248,2-s2.0-72949093108,0
1249,2-s2.0-84878968913,0
1250,2-s2.0-78649881444,0
1251,2-s2.0-85098964765,0
1252,2-s2.0-85071322850,0
1253,2-s2.0-85088945652,0
1254,2-s2.0-85058816149,0
1255,2-s2.0-85085968953,0
1256,2-s2.0-85083401726,0
1257,2-s2.0-85056267088,0
1258,2-s2.0-85089822419,1
1259,2-s2.0-85094946484,0
1260,2-s2.0-85086892110,0
1261,2-s2.0-85096601325,0
1262,2-s2.0-84937818345,1
1263,2-s2.0-85096859466,0
1264,2-s2.0-85016928567,0
1265,2-s2.0-85092349231,1
1266,2-s2.0-85093651779,0
1267,2-s2.0-85094136171,0
1268,2-s2.0-84891841249,0
1269,2-s2.0-85018363036,1
1270,2-s2.0-84979737450,0
1271,2-s2.0-85117772057,1
1272,2-s2.0-85078667621,0
1273,2-s2.0-84977126119,0
1274,2-s2.0-85064167282,0
1275,2-s2.0-84946126760,0
1276,2-s2.0-84921854376,0
1277,2-s2.0-85119484950,1
1278,2-s2.0-84889093146,0
1279,2-s2.0-85038854248,0
1280,2-s2.0-77956165004,0
1281,2-s2.0-85012927447,0
1282,2-s2.0-85120847495,0
1283,2-s2.0-34247157656,0
1284,2-s2.0-85082115402,0
1285,2-s2.0-56949086990,1
1286,2-s2.0-85022346757,1
1287,2-s2.0-84981214226,1
1288,2-s2.0-85106721963,0
1289,2-s2.0-85050104082,0
1290,2-s2.0-33751170427,0
1291,2-s2.0-85016443482,0
1292,2-s2.0-84887515646,0
1293,2-s2.0-79955970120,0
1294,2-s2.0-85090417448,0
1295,2-s2.0-85096936123,1
1296,2-s2.0-84994480545,0
1297,2-s2.0-85091250970,1
1298,2-s2.0-84931045149,0
1299,2-s2.0-85086173541,0
1300,2-s2.0-77954317721,0
1301,2-s2.0-85060351936,0
1302,2-s2.0-85088108303,1
1303,2-s2.0-84960121763,0
1304,2-s2.0-84959577169,0
1305,2-s2.0-85128175090,0
1306,2-s2.0-85013077968,1
1307,2-s2.0-85073983494,0
1308,2-s2.0-85119717861,0
1309,2-s2.0-85090340476,0
1310,2-s2.0-85078857798,0
1311,2-s2.0-85123868304,0
1312,2-s2.0-85082679574,0
1313,2-s2.0-85083675578,0
1314,2-s2.0-85092223503,0
1315,2-s2.0-85101080133,1
1316,2-s2.0-85088649336,0
1317,2-s2.0-85067360509,0
1318,2-s2.0-85048357722,0
1319,2-s2.0-85085571426,1
1320,2-s2.0-84867739912,0
1321,2-s2.0-85127488754,1
1322,2-s2.0-85076782271,0
1323,2-s2.0-85057052257,0
1324,2-s2.0-85114768684,0
1325,2-s2.0-85079907515,0
1326,2-s2.0-85025077326,0
1327,2-s2.0-84949098069,0
1328,2-s2.0-85007566293,0
1329,2-s2.0-85123870733,1
1330,2-s2.0-85115741605,0
1331,2-s2.0-85081903245,0
1332,2-s2.0-84924690803,0
1333,2-s2.0-84902987006,0
1334,2-s2.0-84881665832,0
1335,2-s2.0-84873153041,0
1336,2-s2.0-85091208915,0
1337,2-s2.0-84867130219,0
1338,2-s2.0-84870739473,0
1339,2-s2.0-85115033416,1
1340,2-s2.0-85105963288,1
1341,2-s2.0-85065615713,0
1342,2-s2.0-85062094270,0
1343,2-s2.0-85084655926,0
1344,2-s2.0-85090158476,0
1345,2-s2.0-84990229157,0
1346,2-s2.0-85011339267,0
1347,2-s2.0-79955530566,0
1348,2-s2.0-84855968762,0
1349,2-s2.0-85124331042,1
1350,2-s2.0-85095406945,0
1351,2-s2.0-85032976668,0
1352,2-s2.0-85120697437,1
1353,2-s2.0-85027934415,0
1354,2-s2.0-85078703449,0
1355,2-s2.0-85105874044,1
1356,2-s2.0-85076472955,0
1357,2-s2.0-84959486941,0
1358,2-s2.0-32944462116,0
1359,2-s2.0-85077461125,0
1360,2-s2.0-85126943157,0
1361,2-s2.0-85085894504,0
1362,2-s2.0-84879204898,0
1363,2-s2.0-84866169765,0
1364,2-s2.0-77950422624,0
1365,2-s2.0-85089689680,0
1366,2-s2.0-85091645524,1
1367,2-s2.0-85081005911,0
1368,2-s2.0-34249331278,0
1369,2-s2.0-85079877954,0
1370,2-s2.0-1942504418,0
1371,2-s2.0-85061254124,0
1372,2-s2.0-85077077798,0
1373,2-s2.0-85076613356,0
1374,2-s2.0-85075208667,1
1375,2-s2.0-84964720110,0
1376,2-s2.0-85089007027,0
1377,2-s2.0-85056562745,0
1378,2-s2.0-85077881025,0
1379,2-s2.0-85090032254,0
1380,2-s2.0-85085657365,0
1381,2-s2.0-85083038696,0
1382,2-s2.0-85129489095,1
1383,2-s2.0-85104942201,1
1384,2-s2.0-84949034365,0
1385,2-s2.0-85088030002,0
1386,2-s2.0-85138240146,0
1387,2-s2.0-84946925591,0
1388,2-s2.0-85068498569,0
1389,2-s2.0-85056768721,0
1390,2-s2.0-74049088263,0
1391,2-s2.0-84908071981,0
1392,2-s2.0-84883289750,0
1393,2-s2.0-85138533895,1
1394,2-s2.0-85081215118,0
1395,2-s2.0-85060094901,0
1396,2-s2.0-79951657289,0
1397,2-s2.0-85101753767,0
1398,2-s2.0-85077365564,0
1399,2-s2.0-85087307698,0
1400,2-s2.0-85129961266,1
1401,2-s2.0-85076559302,0
1402,2-s2.0-85133567711,1
1403,2-s2.0-85075398660,0
1404,2-s2.0-85130641081,1
1405,2-s2.0-85114876277,1
1406,2-s2.0-85098480635,0
1407,2-s2.0-85061350029,0
1408,2-s2.0-85083563628,0
1409,2-s2.0-85043757591,0
1410,2-s2.0-85031819005,0
1411,2-s2.0-85122645852,1
1412,2-s2.0-84896724648,0
1413,2-s2.0-84866495475,0
1414,2-s2.0-85068141876,0
1415,2-s2.0-85125786068,0
1416,2-s2.0-85121480302,1
1417,2-s2.0-85066602878,0
1418,2-s2.0-85105754110,0
1419,2-s2.0-85132217995,0
1420,2-s2.0-85103111393,1
1421,2-s2.0-85094200677,0
1422,2-s2.0-34948884459,1
1423,2-s2.0-85091842091,0
1424,2-s2.0-85082674461,0
1425,2-s2.0-85041107902,0
1426,2-s2.0-65349178989,1
1427,2-s2.0-85090387802,0
1428,2-s2.0-84992178468,0
1429,2-s2.0-84876748104,1
1430,2-s2.0-85052732397,0
1431,2-s2.0-85087475537,0
1432,2-s2.0-85019564061,0
1433,2-s2.0-85084004313,0
1434,2-s2.0-85086896398,0
1435,2-s2.0-85015306951,0
1436,2-s2.0-85080040556,0
1437,2-s2.0-84978485859,0
1438,2-s2.0-85090450591,1
1439,2-s2.0-84899895101,0
1440,2-s2.0-85078562091,0
1441,2-s2.0-84882986835,0
1442,2-s2.0-84865529525,0
1443,2-s2.0-85081242900,0
1444,2-s2.0-84862988863,1
1445,2-s2.0-84942292552,1
1446,2-s2.0-85076045456,0
1447,2-s2.0-85081949865,0
1448,2-s2.0-85047525084,0
1449,2-s2.0-85009776786,0
1450,2-s2.0-85015941491,0
1451,2-s2.0-84990935692,0
1452,2-s2.0-84952802147,0
1453,2-s2.0-85075428850,0
1454,2-s2.0-84946944072,0
1455,2-s2.0-85100006643,1
1456,2-s2.0-79955880671,0
1457,2-s2.0-85021226065,0
1458,2-s2.0-84983407119,0
1459,2-s2.0-85097748147,0
1460,2-s2.0-85070114331,0
1461,2-s2.0-0036792584,0
1462,2-s2.0-84871928027,1
1463,2-s2.0-85076198862,0
1464,2-s2.0-84994351562,0
1465,2-s2.0-33748705612,0
1466,2-s2.0-85073628247,0
1467,2-s2.0-85081550440,0
1468,2-s2.0-85060537426,0
1469,2-s2.0-85075336089,0
1470,2-s2.0-85026761801,0
1471,2-s2.0-85066934145,0
1472,2-s2.0-85069720315,0
1473,2-s2.0-85028563745,0
1474,2-s2.0-84995404819,0
1475,2-s2.0-84966297030,0
1476,2-s2.0-85027945925,0
1477,2-s2.0-84919460148,1
1478,2-s2.0-84935001614,0
1479,2-s2.0-84873524309,0
1480,2-s2.0-84897948643,1
1481,2-s2.0-85097052441,0
1482,2-s2.0-85103390852,0
1483,2-s2.0-85104889875,0
1484,2-s2.0-84857117225,1
1485,2-s2.0-85073935436,0
1486,2-s2.0-85056642127,0
1487,2-s2.0-85073469873,0
1488,2-s2.0-84855336725,1
1489,2-s2.0-85047405744,1
1490,2-s2.0-85067620380,0
1491,2-s2.0-85048472046,0
1492,2-s2.0-85082827092,1
1493,2-s2.0-85049552057,0
1494,2-s2.0-85020184888,1
1495,2-s2.0-84928727139,0
1496,2-s2.0-84991758361,0
1497,2-s2.0-85073704185,0
1498,2-s2.0-84963976250,0
1499,2-s2.0-58749089464,0
1500,2-s2.0-85071464096,0
1501,2-s2.0-85067801068,0
1502,2-s2.0-85064903127,0
1503,2-s2.0-70350168926,0
1504,2-s2.0-85015163821,1
1505,2-s2.0-85046773477,0
1506,2-s2.0-85071128352,0
1507,2-s2.0-85073262306,0
1508,2-s2.0-85077522686,0
1509,2-s2.0-85122470818,0
1510,2-s2.0-85058132523,0
1511,2-s2.0-84922176275,1
1512,2-s2.0-84961117360,1
1513,2-s2.0-15244358964,1
1514,2-s2.0-85089283322,0
1515,2-s2.0-85048783288,0
1516,2-s2.0-72249098124,1
1517,2-s2.0-84945305662,1
1518,2-s2.0-85053382322,0
1519,2-s2.0-85072740045,0
1520,2-s2.0-84959556661,0
1521,2-s2.0-84928250070,0
1522,2-s2.0-18244372227,0
1523,2-s2.0-85065812553,0
1524,2-s2.0-85058055937,1
1525,2-s2.0-85094669827,1
1526,2-s2.0-85033661485,0
1527,2-s2.0-85026772501,0
1528,2-s2.0-85068645933,0
1529,2-s2.0-85066897291,0
1530,2-s2.0-0027676135,0
1531,2-s2.0-85015018984,1
1532,2-s2.0-84959120683,0
1533,2-s2.0-84951845413,0
1534,2-s2.0-85055575664,1
1535,2-s2.0-85000925775,0
1536,2-s2.0-85067030091,0
1537,2-s2.0-84910051634,1
1538,2-s2.0-85068514145,0
1539,2-s2.0-85063112616,0
1540,2-s2.0-85019270130,1
1541,2-s2.0-84962669387,0
1542,2-s2.0-84865828737,0
1543,2-s2.0-85038418880,1
1544,2-s2.0-85049598172,0
1545,2-s2.0-33646075109,0
1546,2-s2.0-85096833514,0
1547,2-s2.0-85053777419,0
1548,2-s2.0-0347594816,0
1549,2-s2.0-85029365120,0
1550,2-s2.0-85063112416,0
1551,2-s2.0-0028159022,0
1552,2-s2.0-85065059879,0
1553,2-s2.0-84963613122,1
1554,2-s2.0-84987615819,0
1555,2-s2.0-84975783951,1
1556,2-s2.0-85125408136,1
1557,2-s2.0-85066932006,0
1558,2-s2.0-85109748148,1
1559,2-s2.0-84887140025,0
1560,2-s2.0-85062234336,0
1561,2-s2.0-85063735305,0
1562,2-s2.0-85030658268,0
1563,2-s2.0-85079727623,1
1564,2-s2.0-85054549041,0
1565,2-s2.0-85056471038,0
1566,2-s2.0-85056144584,0
1567,2-s2.0-85047750869,0
1568,2-s2.0-84871889125,1
1569,2-s2.0-85060178115,0
1570,2-s2.0-85123777145,1
1571,2-s2.0-85111316291,1
1572,2-s2.0-85061215469,0
1573,2-s2.0-85018976240,0
1574,2-s2.0-85020395403,0
1575,2-s2.0-85061102234,0
1576,2-s2.0-85049791149,0
1577,2-s2.0-85041862034,0
1578,2-s2.0-85056844251,0
1579,2-s2.0-85059582350,0
1580,2-s2.0-85009280992,0
1581,2-s2.0-85056891009,0
1582,2-s2.0-85065914271,0
1583,2-s2.0-85027944592,0
1584,2-s2.0-85041802109,1
1585,2-s2.0-85131416514,0
1586,2-s2.0-85122861571,1
1587,2-s2.0-85085260614,0
1588,2-s2.0-85097126855,0
1589,2-s2.0-85058999569,0
1590,2-s2.0-85071294477,0
1591,2-s2.0-85102060246,0
1592,2-s2.0-85068788875,0
1593,2-s2.0-85039724783,0
1594,2-s2.0-85039998762,0
1595,2-s2.0-85025668059,0
1596,2-s2.0-85074707717,1
1597,2-s2.0-84988930738,0
1598,2-s2.0-85066816469,0
1599,2-s2.0-84965075935,0
1600,2-s2.0-85061938844,0
1601,2-s2.0-85103904122,0
1602,2-s2.0-85087164305,0
1603,2-s2.0-85059844113,0
1604,2-s2.0-85101043548,0
1605,2-s2.0-84899039323,0
1606,2-s2.0-85073993697,0
1607,2-s2.0-85055799802,0
1608,2-s2.0-85084239296,0
1609,2-s2.0-85074580960,0
1610,2-s2.0-85098562971,0
1611,2-s2.0-85099787944,0
1612,2-s2.0-85128452839,1
1613,2-s2.0-85070537226,0
1614,2-s2.0-84912520578,0
1615,2-s2.0-85135619242,1
1616,2-s2.0-85046666297,0
1617,2-s2.0-85063676242,0
1618,2-s2.0-85077337556,0
1619,2-s2.0-85077169546,0
1620,2-s2.0-85072020700,0
1621,2-s2.0-85070992733,0
1622,2-s2.0-85091477685,1
1623,2-s2.0-85053132876,0
1624,2-s2.0-85068513135,0
1625,2-s2.0-85126908670,0
1626,2-s2.0-85057811324,0
1627,2-s2.0-84984814959,0
1628,2-s2.0-85063541791,0
1629,2-s2.0-84961392736,0
1630,2-s2.0-85082764754,0
1631,2-s2.0-84940718046,0
1632,2-s2.0-85073506703,0
1633,2-s2.0-85055141079,0
1634,2-s2.0-84928783357,0
1635,2-s2.0-85060239614,0
1636,2-s2.0-85056188148,0
1637,2-s2.0-84923004438,0
1638,2-s2.0-84875358728,0
1639,2-s2.0-85076372252,0
1640,2-s2.0-85127549968,1
1641,2-s2.0-0030465674,0
1642,2-s2.0-85023749432,0
1643,2-s2.0-85068357471,0
1644,2-s2.0-85084591048,0
1645,2-s2.0-85065890465,0
1646,2-s2.0-85062038387,0
1647,2-s2.0-85129256430,1
1648,2-s2.0-85068738294,0
1649,2-s2.0-85055588324,0
1650,2-s2.0-85127507688,1
1651,2-s2.0-85053115806,0
1652,2-s2.0-84978512572,0
1653,2-s2.0-85051120294,0
1654,2-s2.0-85051040872,0
1655,2-s2.0-84962476483,0
1656,2-s2.0-85118169206,1
1657,2-s2.0-85048361902,0
1658,2-s2.0-85046482475,0
1659,2-s2.0-85044962291,0
1660,2-s2.0-85053267414,0
1661,2-s2.0-84860757998,0
1662,2-s2.0-85060166038,0
1663,2-s2.0-85055172210,0
1664,2-s2.0-33750025918,0
1665,2-s2.0-85122296266,0
1666,2-s2.0-85119679371,0
1667,2-s2.0-85110273984,1
1668,2-s2.0-85071493628,0
1669,2-s2.0-85071402081,0
1670,2-s2.0-85070918605,0
1671,2-s2.0-85073890108,0
1672,2-s2.0-85075378877,0
1673,2-s2.0-85061341403,0
1674,2-s2.0-85106315620,1
1675,2-s2.0-85056836717,0
1676,2-s2.0-85048224331,0
1677,2-s2.0-85054465166,0
1678,2-s2.0-85055855815,0
1679,2-s2.0-85032923985,0
1680,2-s2.0-84946415759,0
1681,2-s2.0-85105320985,1
1682,2-s2.0-84951568536,0
1683,2-s2.0-85094668595,1
1684,2-s2.0-85053609008,0
1685,2-s2.0-85053514891,0
1686,2-s2.0-84907943685,0
1687,2-s2.0-84919395475,0
1688,2-s2.0-79953743518,0
1689,2-s2.0-84903196658,0
1690,2-s2.0-84902110200,0
1691,2-s2.0-85048162877,0
1692,2-s2.0-85102865971,1
1693,2-s2.0-85082763266,0
1694,2-s2.0-85054163789,0
1695,2-s2.0-85056725704,0
1696,2-s2.0-85053197742,0
1697,2-s2.0-85049921603,0
1698,2-s2.0-84880699051,0
1699,2-s2.0-85091117991,0
1700,2-s2.0-85056516392,0
1701,2-s2.0-85044443303,0
1702,2-s2.0-85106403363,1
1703,2-s2.0-80052037322,0
1704,2-s2.0-84903834088,0
1705,2-s2.0-85047423344,0
1706,2-s2.0-85045082969,0
1707,2-s2.0-85118986021,0
1708,2-s2.0-85108692525,0
1709,2-s2.0-85042372411,0
1710,2-s2.0-85045020993,0
1711,2-s2.0-85048815989,0
1712,2-s2.0-85049789461,0
1713,2-s2.0-85099823182,0
1714,2-s2.0-85084281347,0
1715,2-s2.0-85047122427,0
1716,2-s2.0-85044676437,0
1717,2-s2.0-85042929490,0
1718,2-s2.0-85086827187,0
1719,2-s2.0-85079022559,0
1720,2-s2.0-85039701139,0
1721,2-s2.0-85050263035,0
1722,2-s2.0-85076924322,0
1723,2-s2.0-85102633732,1
1724,2-s2.0-85099732991,1
1725,2-s2.0-85044436962,0
1726,2-s2.0-85042353759,0
1727,2-s2.0-85067846789,0
1728,2-s2.0-85046671806,0
1729,2-s2.0-85059961790,0
1730,2-s2.0-85089310135,0
1731,2-s2.0-85100577172,1
1732,2-s2.0-85046766182,0
1733,2-s2.0-85082943411,0
1734,2-s2.0-85062898459,0
1735,2-s2.0-85019736994,0
1736,2-s2.0-85047600847,0
1737,2-s2.0-85047732093,0
1738,2-s2.0-85071965748,0
1739,2-s2.0-85044673960,0
1740,2-s2.0-85056707386,0
1741,2-s2.0-85046733125,0
1742,2-s2.0-85040679916,0
1743,2-s2.0-85065758330,0
1744,2-s2.0-85036630487,0
1745,2-s2.0-85027992595,0
1746,2-s2.0-84957977206,0
1747,2-s2.0-85042390287,0
1748,2-s2.0-85044343125,0
1749,2-s2.0-85105692989,0
1750,2-s2.0-84996480066,0
1751,2-s2.0-85038840453,0
1752,2-s2.0-85010840249,0
1753,2-s2.0-85041103244,0
1754,2-s2.0-85099854133,0
1755,2-s2.0-85041413963,0
1756,2-s2.0-85040034385,0
1757,2-s2.0-85044841717,0
1758,2-s2.0-85038815852,0
1759,2-s2.0-85117781968,1
1760,2-s2.0-85029726767,0
1761,2-s2.0-85029542854,0
1762,2-s2.0-85065641707,0
1763,2-s2.0-85009921526,0
1764,2-s2.0-85010734971,0
1765,2-s2.0-84973120223,0
1766,2-s2.0-84907944904,0
1767,2-s2.0-85040977615,0
1768,2-s2.0-85060277640,0
1769,2-s2.0-85085122968,1
1770,2-s2.0-85070892515,0
1771,2-s2.0-85084369509,1
1772,2-s2.0-84879498387,0
1773,2-s2.0-85074538063,1
1774,2-s2.0-85118220785,0
1775,2-s2.0-84865526097,0
1776,2-s2.0-79960845536,0
1777,2-s2.0-79960726772,0
1778,2-s2.0-33645411191,0
1779,2-s2.0-0034758953,0
1780,2-s2.0-85038908041,0
1781,2-s2.0-85087388330,1
1782,2-s2.0-85110346006,0
1783,2-s2.0-85109179140,0
1784,2-s2.0-85102965345,0
1785,2-s2.0-85033592469,0
1786,2-s2.0-84953390978,0
1787,2-s2.0-85078214347,0
1788,2-s2.0-85068414843,1
1789,2-s2.0-85065823071,1
1790,2-s2.0-85081975544,0
1791,2-s2.0-84908307894,0
1792,2-s2.0-84861348069,0
1793,2-s2.0-85051239119,0
1794,2-s2.0-85048860611,0
1795,2-s2.0-85017237866,0
1796,2-s2.0-42249115246,0
1797,2-s2.0-38949154782,0
1798,2-s2.0-85063953336,1
1799,2-s2.0-85063351408,1
1800,2-s2.0-85042377613,0
1801,2-s2.0-85060956036,1
1802,2-s2.0-85059838264,1
1803,2-s2.0-85072724143,0
1804,2-s2.0-85038355746,0
1805,2-s2.0-85041456098,0
1806,2-s2.0-85037038105,0
1807,2-s2.0-85056740537,0
1808,2-s2.0-85060757557,1
1809,2-s2.0-85011263022,0
1810,2-s2.0-85052916806,0
1811,2-s2.0-85104350814,0
1812,2-s2.0-85041541301,0
1813,2-s2.0-85066450276,0
1814,2-s2.0-85025695536,0
1815,2-s2.0-84994839762,0
1816,2-s2.0-84966373452,0
1817,2-s2.0-84962213025,0
1818,2-s2.0-85072791986,1
1819,2-s2.0-85030451723,0
1820,2-s2.0-84874375896,0
1821,2-s2.0-85021945156,0
1822,2-s2.0-85038224307,0
1823,2-s2.0-85020039208,0
1824,2-s2.0-85057964009,0
1825,2-s2.0-84865004840,0
1826,2-s2.0-84862116938,0
1827,2-s2.0-34347392682,0
1828,2-s2.0-85010469776,0
1829,2-s2.0-85059628581,1
1830,2-s2.0-85100159021,0
1831,2-s2.0-84961990405,0
1832,2-s2.0-85092647233,0
1833,2-s2.0-85018814961,1
1834,2-s2.0-85085168730,0
1835,2-s2.0-85082596101,0
1836,2-s2.0-85019028257,0
1837,2-s2.0-85118539912,0
1838,2-s2.0-85081702464,0
1839,2-s2.0-85072356686,0
1840,2-s2.0-85027489900,0
1841,2-s2.0-84930615224,0
1842,2-s2.0-85063632769,0
1843,2-s2.0-85032349801,0
1844,2-s2.0-85029672286,0
1845,2-s2.0-85008967186,0
1846,2-s2.0-85029216076,1
1847,2-s2.0-84930941425,0
1848,2-s2.0-84876489056,0
1849,2-s2.0-84856946938,0
1850,2-s2.0-26844511238,0
1851,2-s2.0-85018334014,0
1852,2-s2.0-0030264120,0
1853,2-s2.0-84920115581,0
1854,2-s2.0-85020018347,1
1855,2-s2.0-85106236344,0
1856,2-s2.0-73649129164,0
1857,2-s2.0-85010888164,1
1858,2-s2.0-85030483342,0
1859,2-s2.0-85090904845,0
1860,2-s2.0-85108375621,0
1861,2-s2.0-85014923125,0
1862,2-s2.0-85065444334,0
1863,2-s2.0-85068648655,0
1864,2-s2.0-84990859399,1
1865,2-s2.0-85057165344,0
1866,2-s2.0-85029425777,0
1867,2-s2.0-85047095193,0
1868,2-s2.0-85021697509,0
1869,2-s2.0-85037682616,0
1870,2-s2.0-85032380723,0
1871,2-s2.0-84938150034,1
1872,2-s2.0-84924345182,1
1873,2-s2.0-85009874268,0
1874,2-s2.0-85020000232,0
1875,2-s2.0-84959560700,0
1876,2-s2.0-85020064317,0
1877,2-s2.0-85013474253,0
1878,2-s2.0-84928768874,0
1879,2-s2.0-84860267302,0
1880,2-s2.0-84944036035,1
1881,2-s2.0-85100774399,0
1882,2-s2.0-79952620954,0
1883,2-s2.0-84995877099,0
1884,2-s2.0-84920282225,1
1885,2-s2.0-85114294788,0
1886,2-s2.0-85010703376,0
1887,2-s2.0-84908123476,1
1888,2-s2.0-85104923182,0
1889,2-s2.0-85057104780,0
1890,2-s2.0-85097840849,0
1891,2-s2.0-84905110404,1
1892,2-s2.0-85045150614,0
1893,2-s2.0-85018430723,0
1894,2-s2.0-84949655773,1
1895,2-s2.0-85017529309,0
1896,2-s2.0-85000783923,0
1897,2-s2.0-85019203549,0
1898,2-s2.0-85019124163,0
1899,2-s2.0-85092172899,0
1900,2-s2.0-85089427628,0
1901,2-s2.0-85086369711,0
1902,2-s2.0-85062092648,0
1903,2-s2.0-85086178606,0
1904,2-s2.0-85017528163,0
1905,2-s2.0-85072340543,0
1906,2-s2.0-85061907905,0
1907,2-s2.0-85048038523,0
1908,2-s2.0-85009798979,0
1909,2-s2.0-85060166130,0
1910,2-s2.0-85052535464,0
1911,2-s2.0-85016329178,0
1912,2-s2.0-85035750235,0
1913,2-s2.0-85053164335,0
1914,2-s2.0-85014177802,0
1915,2-s2.0-84943653222,0
1916,2-s2.0-84953337473,0
1917,2-s2.0-84929305729,0
1918,2-s2.0-84919665599,0
1919,2-s2.0-84995611805,0
1920,2-s2.0-84898480898,1
1921,2-s2.0-84876354279,1
1922,2-s2.0-84870817572,0
1923,2-s2.0-84866708720,1
1924,2-s2.0-67650716360,0
1925,2-s2.0-84870357154,1
1926,2-s2.0-85011072535,0
1927,2-s2.0-85107044333,0
1928,2-s2.0-85007486895,0
1929,2-s2.0-84868116863,1
1930,2-s2.0-85086411191,0
1931,2-s2.0-84986294157,0
1932,2-s2.0-85048295835,0
1933,2-s2.0-85104834686,0
1934,2-s2.0-85088374506,0
1935,2-s2.0-85084528910,0
1936,2-s2.0-84978636517,0
1937,2-s2.0-84984670516,0
1938,2-s2.0-85078660250,0
1939,2-s2.0-85102568032,0
1940,2-s2.0-85103085883,0
1941,2-s2.0-84962571500,0
1942,2-s2.0-85083682799,0
1943,2-s2.0-85000348726,0
1944,2-s2.0-84984688391,0
1945,2-s2.0-85019620210,0
1946,2-s2.0-84888010015,0
1947,2-s2.0-85073750820,0
1948,2-s2.0-85057052119,0
1949,2-s2.0-85040979280,0
1950,2-s2.0-84860383275,0
1951,2-s2.0-84983568845,0
1952,2-s2.0-85051080193,0
1953,2-s2.0-85044968234,0
1954,2-s2.0-84979239960,0
1955,2-s2.0-84866425572,1
1956,2-s2.0-84863698896,1
1957,2-s2.0-85105735911,0
1958,2-s2.0-84865443442,1
1959,2-s2.0-84940658423,0
1960,2-s2.0-84930074495,0
1961,2-s2.0-84973867120,0
1962,2-s2.0-84879976324,0
1963,2-s2.0-85099817517,0
1964,2-s2.0-84875429583,0
1965,2-s2.0-84973484073,0
1966,2-s2.0-84966694395,0
1967,2-s2.0-85102419452,0
1968,2-s2.0-85042311521,0
1969,2-s2.0-84975801882,0
1970,2-s2.0-84992303785,0
1971,2-s2.0-84938064897,0
1972,2-s2.0-84861407729,0
1973,2-s2.0-80255127573,0
1974,2-s2.0-84979992909,0
1975,2-s2.0-84906345880,0
1976,2-s2.0-84876039822,0
1977,2-s2.0-33746992223,0
1978,2-s2.0-85119299041,0
1979,2-s2.0-85111040734,0
1980,2-s2.0-84986243955,0
1981,2-s2.0-85113483718,0
1982,2-s2.0-84962214700,0
1983,2-s2.0-83555177606,0
1984,2-s2.0-84975474763,0
1985,2-s2.0-85103716580,0
1986,2-s2.0-76949104994,0
1987,2-s2.0-85101802981,0
1988,2-s2.0-84865409953,1
1989,2-s2.0-85100656964,0
1990,2-s2.0-79960370160,1
1991,2-s2.0-78651521082,1
1992,2-s2.0-84960840576,0
1993,2-s2.0-84946430704,0
1994,2-s2.0-85092624052,0
1995,2-s2.0-84964994138,0
1996,2-s2.0-84964957411,0
1997,2-s2.0-81855163392,1
1998,2-s2.0-85074518740,0
1999,2-s2.0-85083728992,0
2000,2-s2.0-85092366129,0
2001,2-s2.0-85082701726,0
2002,2-s2.0-85066080817,0
2003,2-s2.0-21244504847,0
2004,2-s2.0-85019590795,0
2005,2-s2.0-85062696983,0
2006,2-s2.0-85059034788,0
2007,2-s2.0-80054815854,1
2008,2-s2.0-80051468840,1
2009,2-s2.0-85087903620,0
2010,2-s2.0-85040781022,0
2011,2-s2.0-85019639359,0
2012,2-s2.0-84920901845,0
2013,2-s2.0-85087027582,0
2014,2-s2.0-84957440601,0
2015,2-s2.0-79955598095,1
2016,2-s2.0-77952487417,1
2017,2-s2.0-85075727472,0
2018,2-s2.0-85064326808,0
2019,2-s2.0-84945249691,0
2020,2-s2.0-84955337425,0
2021,2-s2.0-84954398642,0
2022,2-s2.0-84960094104,0
2023,2-s2.0-84868593778,0
2024,2-s2.0-84960801687,0
2025,2-s2.0-85115343458,0
2026,2-s2.0-79953877827,0
2027,2-s2.0-84954157279,0
2028,2-s2.0-85055789315,0
2029,2-s2.0-85112400212,0
2030,2-s2.0-85102654549,0
2031,2-s2.0-85028608397,0
2032,2-s2.0-77949275104,1
2033,2-s2.0-85104409868,0
2034,2-s2.0-77950164044,1
2035,2-s2.0-84945895274,0
2036,2-s2.0-77953386757,1
2037,2-s2.0-74949103455,1
2038,2-s2.0-84950341404,0
2039,2-s2.0-85100763518,0
2040,2-s2.0-84871092887,0
2041,2-s2.0-85090741283,0
2042,2-s2.0-43249103230,1
2043,2-s2.0-85082324432,0
2044,2-s2.0-85089486917,0
2045,2-s2.0-85076782211,0
2046,2-s2.0-85092300638,0
2047,2-s2.0-84958231253,0
2048,2-s2.0-84957725794,0
2049,2-s2.0-85083035402,0
2050,2-s2.0-85027945973,0
2051,2-s2.0-85058082620,0
2052,2-s2.0-34248584011,1
2053,2-s2.0-84966357658,0
2054,2-s2.0-0034332955,1
2055,2-s2.0-85091814713,0
2056,2-s2.0-84952908490,0
2057,2-s2.0-85070806476,0
2058,2-s2.0-85019264461,0
2059,2-s2.0-85043467422,0
2060,2-s2.0-84946869660,0
2061,2-s2.0-84943628766,0
2062,2-s2.0-84943612259,0
2063,2-s2.0-85047267753,0
2064,2-s2.0-85021783460,0
2065,2-s2.0-85029522012,0
2066,2-s2.0-84934782787,0
2067,2-s2.0-84951569586,0
2068,2-s2.0-85014494219,0
2069,2-s2.0-85030548095,0
2070,2-s2.0-84983504284,0
2071,2-s2.0-84964341228,0
2072,2-s2.0-84901261895,0
2073,2-s2.0-84899146601,0
2074,2-s2.0-77749264884,0
2075,2-s2.0-84929328186,0
2076,2-s2.0-84942512046,0
2077,2-s2.0-85135932583,0
2078,2-s2.0-85111880643,1
2079,2-s2.0-82655187464,0
2080,2-s2.0-85108852171,0
2081,2-s2.0-84865776316,0
2082,2-s2.0-84936802260,0
2083,2-s2.0-84945537843,0
2084,2-s2.0-85087104714,0
2085,2-s2.0-85112129999,0
2086,2-s2.0-84930687026,0
2087,2-s2.0-85119511382,0
2088,2-s2.0-85107716088,0
2089,2-s2.0-85107148575,0
2090,2-s2.0-85108726106,0
2091,2-s2.0-85083390789,0
2092,2-s2.0-84930944522,0
2093,2-s2.0-84927626802,0
2094,2-s2.0-84942257846,0
2095,2-s2.0-84955319930,0
2096,2-s2.0-85014058165,0
2097,2-s2.0-85097876795,0
2098,2-s2.0-85100679105,0
2099,2-s2.0-84930871778,0
2100,2-s2.0-84924074475,0
2101,2-s2.0-85092256401,0
2102,2-s2.0-84971315404,0
2103,2-s2.0-84924745805,0
2104,2-s2.0-85100223718,0
2105,2-s2.0-85079013977,0
2106,2-s2.0-85076481361,0
2107,2-s2.0-85056715312,0
2108,2-s2.0-85050486573,0
2109,2-s2.0-85048929318,0
2110,2-s2.0-85017127557,0
2111,2-s2.0-84901922161,0
2112,2-s2.0-84920691354,0
2113,2-s2.0-84888204689,0
2114,2-s2.0-84869822475,0
2115,2-s2.0-79959197996,0
2116,2-s2.0-84971500275,0
2117,2-s2.0-85125507753,0
2118,2-s2.0-84943589923,0
2119,2-s2.0-85117593812,0
2120,2-s2.0-84944050008,0
2121,2-s2.0-85105332666,0
2122,2-s2.0-85101154670,0
2123,2-s2.0-84909584799,0
2124,2-s2.0-84908642726,0
2125,2-s2.0-85064944749,0
2126,2-s2.0-84973110332,0
2127,2-s2.0-84908529754,0
2128,2-s2.0-84923464336,0
2129,2-s2.0-85106024223,0
2130,2-s2.0-85021232353,0
2131,2-s2.0-84907937829,0
2132,2-s2.0-84907921080,0
2133,2-s2.0-84908451383,0
2134,2-s2.0-85099028112,0
2135,2-s2.0-85097090037,0
2136,2-s2.0-85088869359,0
2137,2-s2.0-85088272695,0
2138,2-s2.0-85110542915,0
2139,2-s2.0-84907710324,0
2140,2-s2.0-84899059946,0
2141,2-s2.0-85090425996,0
2142,2-s2.0-85082930421,0
2143,2-s2.0-84897509616,0
2144,2-s2.0-84895925040,0
2145,2-s2.0-85078394675,0
2146,2-s2.0-85098582932,0
2147,2-s2.0-84994469290,0
2148,2-s2.0-84996567114,0
2149,2-s2.0-84861011947,0
2150,2-s2.0-85078017772,0
2151,2-s2.0-85079087506,0
2152,2-s2.0-85059532885,0
2153,2-s2.0-85071269608,0
2154,2-s2.0-85131083473,1
2155,2-s2.0-85121342863,0
2156,2-s2.0-85120464613,0
2157,2-s2.0-85051025490,0
2158,2-s2.0-85048754038,0
2159,2-s2.0-85111523506,0
2160,2-s2.0-85101774397,0
2161,2-s2.0-84948109598,0
2162,2-s2.0-85092738487,0
2163,2-s2.0-84865732674,0
2164,2-s2.0-84904408595,0
2165,2-s2.0-85074133106,0
2166,2-s2.0-84903763750,0
2167,2-s2.0-85131829667,0
2168,2-s2.0-85133970448,1
2169,2-s2.0-85082924392,0
2170,2-s2.0-85123052399,0
2171,2-s2.0-85128407588,0
2172,2-s2.0-85119858115,0
2173,2-s2.0-85111572399,0
2174,2-s2.0-84885813648,0
2175,2-s2.0-84899971366,0
2176,2-s2.0-85104926601,0
2177,2-s2.0-85106399756,0
2178,2-s2.0-84878737304,0
2179,2-s2.0-84899071312,0
2180,2-s2.0-85062649159,1
2181,2-s2.0-85035790500,1
2182,2-s2.0-84898917874,0
2183,2-s2.0-85090202354,0
2184,2-s2.0-84898546571,0
2185,2-s2.0-84898545139,0
2186,2-s2.0-85064202617,1
2187,2-s2.0-85114642276,0
2188,2-s2.0-84898068496,0
2189,2-s2.0-84897477653,0
2190,2-s2.0-85068747494,0
2191,2-s2.0-85075211255,0
2192,2-s2.0-84893840645,0
2193,2-s2.0-85073598134,0
2194,2-s2.0-79957977212,0
2195,2-s2.0-84891490496,0
2196,2-s2.0-85019865391,0
2197,2-s2.0-85041298618,0
2198,2-s2.0-84983338563,0
2199,2-s2.0-84923770293,0
2200,2-s2.0-84888228569,0
2201,2-s2.0-84983382206,0
2202,2-s2.0-84887148793,0
2203,2-s2.0-84890672548,0
2204,2-s2.0-84896692904,0
2205,2-s2.0-84875515172,0
2206,2-s2.0-85127607610,0
2207,2-s2.0-84888351973,0
2208,2-s2.0-85089585434,0
2209,2-s2.0-84887172952,0
2210,2-s2.0-85026735170,0
2211,2-s2.0-85124201543,0
2212,2-s2.0-85112204903,0
2213,2-s2.0-85124959742,0
2214,2-s2.0-85118272234,0
2215,2-s2.0-85116693047,0
2216,2-s2.0-84885436728,0
2217,2-s2.0-84885159342,0
2218,2-s2.0-84884700182,0
2219,2-s2.0-84907348386,0
2220,2-s2.0-85120050942,0
2221,2-s2.0-85109809569,0
2222,2-s2.0-84881371537,0
2223,2-s2.0-85140469192,1
2224,2-s2.0-85110573431,0
2225,2-s2.0-84880868735,0
2226,2-s2.0-85108282492,0
2227,2-s2.0-85096541832,1
2228,2-s2.0-85121706167,0
2229,2-s2.0-85113183035,0
2230,2-s2.0-85105249419,0
2231,2-s2.0-85109134773,0
2232,2-s2.0-85101029068,0
2233,2-s2.0-85104680220,0
2234,2-s2.0-85098994340,0
2235,2-s2.0-84877346806,0
2236,2-s2.0-84876963186,0
2237,2-s2.0-85096185808,0
2238,2-s2.0-85091060208,1
2239,2-s2.0-85091530264,0
2240,2-s2.0-85092892197,0
2241,2-s2.0-84874684506,0
2242,2-s2.0-84876224576,0
2243,2-s2.0-85095987301,0
2244,2-s2.0-84875419207,0
2245,2-s2.0-85056881267,1
2246,2-s2.0-84873123589,0
2247,2-s2.0-85079701254,0
2248,2-s2.0-85092299617,0
2249,2-s2.0-84873116923,0
2250,2-s2.0-85038960779,1
2251,2-s2.0-84994508584,1
2252,2-s2.0-85080102905,0
2253,2-s2.0-85098690443,0
2254,2-s2.0-84892161231,0
2255,2-s2.0-85079219075,0
2256,2-s2.0-85091364499,0
2257,2-s2.0-85092731971,0
2258,2-s2.0-84952909172,0
2259,2-s2.0-84885589420,0
2260,2-s2.0-85089592936,0
2261,2-s2.0-84947495798,1
2262,2-s2.0-85081666637,0
2263,2-s2.0-84870383837,1
2264,2-s2.0-84882807979,0
2265,2-s2.0-84880853644,0
2266,2-s2.0-84879956813,0
2267,2-s2.0-85062535868,0
2268,2-s2.0-85082166199,0
2269,2-s2.0-85135279675,1
2270,2-s2.0-84875321706,0
2271,2-s2.0-85044768541,0
2272,2-s2.0-84872419471,0
2273,2-s2.0-84872404766,0
2274,2-s2.0-84872273721,0
2275,2-s2.0-85070883184,0
2276,2-s2.0-85054251344,0
2277,2-s2.0-84991507046,1
2278,2-s2.0-84867811744,0
2279,2-s2.0-85029301595,0
2280,2-s2.0-84890315267,1
2281,2-s2.0-85068509956,0
2282,2-s2.0-85022220515,0
2283,2-s2.0-85024134205,0
2284,2-s2.0-84991226908,0
2285,2-s2.0-85113697585,1
2286,2-s2.0-85062804893,1
2287,2-s2.0-84884986065,1
2288,2-s2.0-84868460256,0
2289,2-s2.0-85073896876,0
2290,2-s2.0-85137245200,0
2291,2-s2.0-85128026421,0
2292,2-s2.0-84866952530,0
2293,2-s2.0-85126607701,0
2294,2-s2.0-85112810474,1
2295,2-s2.0-85064618547,1
2296,2-s2.0-84904254628,1
2297,2-s2.0-84865595320,0
2298,2-s2.0-85125875632,0
2299,2-s2.0-85122439756,0
2300,2-s2.0-84865984322,0
2301,2-s2.0-85121500616,0
2302,2-s2.0-85121098733,0
2303,2-s2.0-85117074404,0
2304,2-s2.0-85127262514,0
2305,2-s2.0-85120674069,0
2306,2-s2.0-85031897744,0
2307,2-s2.0-85117927543,0
2308,2-s2.0-85136280599,1
2309,2-s2.0-84862150882,0
2310,2-s2.0-85114175326,0
2311,2-s2.0-85107888140,0
2312,2-s2.0-85105006211,0
2313,2-s2.0-85122961700,0
2314,2-s2.0-85102612762,0
2315,2-s2.0-85113748023,0
2316,2-s2.0-85117372667,0
2317,2-s2.0-85091738994,0
2318,2-s2.0-85088833848,0
2319,2-s2.0-84860238925,0
2320,2-s2.0-85081670771,0
2321,2-s2.0-85101012228,0
2322,2-s2.0-84866942954,0
2323,2-s2.0-85099372021,0
2324,2-s2.0-85091005827,0
2325,2-s2.0-84859364191,0
2326,2-s2.0-85130507536,0
2327,2-s2.0-85091124261,0
2328,2-s2.0-85070511789,0
2329,2-s2.0-85056230022,0
2330,2-s2.0-85136010512,0
2331,2-s2.0-85116487654,0
2332,2-s2.0-85130416560,0
2333,2-s2.0-85133464331,0
2334,2-s2.0-85131964920,0
2335,2-s2.0-85136950803,0
2336,2-s2.0-84867773493,0
2337,2-s2.0-85135498202,0
2338,2-s2.0-84866503870,0
2339,2-s2.0-85127494449,0
2340,2-s2.0-85122271490,0
2341,2-s2.0-85064126829,1
2342,2-s2.0-85134822799,1
2343,2-s2.0-85124795974,0
2344,2-s2.0-84862330438,0
2345,2-s2.0-85127357458,0
2346,2-s2.0-85126690354,0
2347,2-s2.0-85131714370,0
2348,2-s2.0-85126358621,0
2349,2-s2.0-80054102975,0
2350,2-s2.0-85129856684,0
2351,2-s2.0-85120783488,0
2352,2-s2.0-82255175694,0
2353,2-s2.0-85130230073,0
2354,2-s2.0-85117728509,0
2355,2-s2.0-80052719333,0
2356,2-s2.0-85127394282,0
2357,2-s2.0-85125457850,0
2358,2-s2.0-85125855338,0
2359,2-s2.0-85125472494,0
2360,2-s2.0-85123639256,0
2361,2-s2.0-85123359496,0
2362,2-s2.0-85122541450,0
2363,2-s2.0-85115189340,0
2364,2-s2.0-85122103674,0
2365,2-s2.0-85121769524,0
2366,2-s2.0-85120406804,0
2367,2-s2.0-85110644375,1
2368,2-s2.0-79960037484,0
2369,2-s2.0-85112783295,0
2370,2-s2.0-85116058654,0
2371,2-s2.0-85114284939,0
2372,2-s2.0-85082198797,1
2373,2-s2.0-79956065724,0
2374,2-s2.0-85113360970,0
2375,2-s2.0-79955918176,0
2376,2-s2.0-79954845021,0
2377,2-s2.0-85098554935,1
2378,2-s2.0-85116861975,0
2379,2-s2.0-85107390636,0
2380,2-s2.0-79953295517,0
2381,2-s2.0-85101823862,0
2382,2-s2.0-85087059394,0
2383,2-s2.0-85087692576,0
2384,2-s2.0-85096399294,0
2385,2-s2.0-85111277160,0
2386,2-s2.0-85107344324,0
2387,2-s2.0-79551564059,0
2388,2-s2.0-79551706045,0
2389,2-s2.0-78650416158,0
2390,2-s2.0-85129726434,0
2391,2-s2.0-84867915966,0
2392,2-s2.0-85048706766,1
2393,2-s2.0-81455158841,0
2394,2-s2.0-85072731591,0
2395,2-s2.0-85076518246,0
2396,2-s2.0-84984797181,0
2397,2-s2.0-85084518272,1
2398,2-s2.0-79960051048,0
2399,2-s2.0-79958005777,0
2400,2-s2.0-85058958933,0
2401,2-s2.0-85060799765,1
2402,2-s2.0-85128790624,0
2403,2-s2.0-85107339566,0
2404,2-s2.0-84978645975,0
2405,2-s2.0-85135694040,0
2406,2-s2.0-84867142172,0
2407,2-s2.0-85122326927,0
2408,2-s2.0-85115995033,0
2409,2-s2.0-85138078785,0
2410,2-s2.0-85140808394,0
2411,2-s2.0-85115346453,0
2412,2-s2.0-77955273158,0
2413,2-s2.0-85139225001,0
2414,2-s2.0-85108354072,0
2415,2-s2.0-85130417726,0
2416,2-s2.0-85095686261,0
2417,2-s2.0-85137297018,0
2418,2-s2.0-85139850477,0
2419,2-s2.0-84893713096,0
2420,2-s2.0-85057043085,0
2421,2-s2.0-79958222610,0
2422,2-s2.0-79955960956,0
2423,2-s2.0-78649654664,0
2424,2-s2.0-85129528846,0
2425,2-s2.0-77956415951,0
2426,2-s2.0-85138511535,0
2427,2-s2.0-85136143547,0
2428,2-s2.0-85132867122,0
2429,2-s2.0-85140580907,0
2430,2-s2.0-85140713738,0
2431,2-s2.0-85127398149,0
2432,2-s2.0-85140635093,0
2433,2-s2.0-71649099779,0
2434,2-s2.0-70449463508,0
2435,2-s2.0-68949147749,0
2436,2-s2.0-85139907608,0
2437,2-s2.0-69949169220,0
2438,2-s2.0-71349087384,0
2439,2-s2.0-77954497198,0
2440,2-s2.0-85139190142,0
2441,2-s2.0-70649093293,0
2442,2-s2.0-76149097558,0
2443,2-s2.0-85132506197,0
2444,2-s2.0-85132853409,0
2445,2-s2.0-85130517719,0
2446,2-s2.0-85129473851,0
2447,2-s2.0-61649094920,0
2448,2-s2.0-70350169917,0
2449,2-s2.0-85112844700,0
2450,2-s2.0-60849112296,0
2451,2-s2.0-59249107899,0
2452,2-s2.0-85138001220,0
2453,2-s2.0-85120748068,0
2454,2-s2.0-85137726660,0
2455,2-s2.0-85136474794,0
2456,2-s2.0-68549128645,0
2457,2-s2.0-85136289083,0
2458,2-s2.0-85112021471,0
2459,2-s2.0-55249112062,0
2460,2-s2.0-85130385284,0
2461,2-s2.0-56549089390,0
2462,2-s2.0-55249085086,0
2463,2-s2.0-85134716604,0
2464,2-s2.0-52249122863,0
2465,2-s2.0-52049109850,0
2466,2-s2.0-52049101564,0
2467,2-s2.0-85118232146,0
2468,2-s2.0-85110997463,0
2469,2-s2.0-48949099160,0
2470,2-s2.0-48949094718,0
2471,2-s2.0-85091211876,0
2472,2-s2.0-85135015416,0
2473,2-s2.0-44949091671,0
2474,2-s2.0-85087790940,0
2475,2-s2.0-39149114067,0
2476,2-s2.0-38949211787,0
2477,2-s2.0-37349052124,0
2478,2-s2.0-38949205613,0
2479,2-s2.0-85130223734,0
2480,2-s2.0-85133397456,0
2481,2-s2.0-85137296398,0
2482,2-s2.0-85129828216,0
2483,2-s2.0-85114379616,0
2484,2-s2.0-85138056825,0
2485,2-s2.0-85122256936,0
2486,2-s2.0-34247855998,0
2487,2-s2.0-85140914739,0
2488,2-s2.0-85129963702,0
2489,2-s2.0-34248204120,0
2490,2-s2.0-85128865959,0
2491,2-s2.0-33845461820,0
2492,2-s2.0-33847737803,0
2493,2-s2.0-85134427539,0
2494,2-s2.0-85123891383,0
2495,2-s2.0-85140368262,0
2496,2-s2.0-33748909923,0
2497,2-s2.0-85136483030,0
2498,2-s2.0-33747359698,0
2499,2-s2.0-33646717090,0
2500,2-s2.0-85136117046,0
2501,2-s2.0-33747764984,0
2502,2-s2.0-85124005446,0
2503,2-s2.0-85117906976,0
2504,2-s2.0-85134793701,0
2505,2-s2.0-85134802954,0
2506,2-s2.0-85139133951,0
2507,2-s2.0-85129113349,0
2508,2-s2.0-85140109168,0
2509,2-s2.0-22444446394,0
2510,2-s2.0-11244286358,0
2511,2-s2.0-11244339960,0
2512,2-s2.0-85138247907,0
2513,2-s2.0-85138141123,0
2514,2-s2.0-85124913857,0
2515,2-s2.0-11244275735,0
2516,2-s2.0-85137487756,0
2517,2-s2.0-85120343838,0
2518,2-s2.0-1642329088,0
2519,2-s2.0-0346398300,0
2520,2-s2.0-85130325050,0
2521,2-s2.0-85120733412,0
2522,2-s2.0-0037333577,0
2523,2-s2.0-0037318838,0
2524,2-s2.0-85136569401,0
2525,2-s2.0-85135566170,0
2526,2-s2.0-85118267144,0
2527,2-s2.0-85135472443,0
2528,2-s2.0-85132155986,0
2529,2-s2.0-85131651398,0
2530,2-s2.0-85130497990,0
2531,2-s2.0-85120990150,0
2532,2-s2.0-85123771575,0
2533,2-s2.0-85121316397,0
2534,2-s2.0-85116507632,0
2535,2-s2.0-85114303936,0
2536,2-s2.0-85105774330,0
2537,2-s2.0-0033451088,0
2538,2-s2.0-0032767993,0
2539,2-s2.0-0033412505,0
2540,2-s2.0-85101322299,0
2541,2-s2.0-0032318499,0
2542,2-s2.0-0031852982,0
2543,2-s2.0-85102473310,0
2544,2-s2.0-85121637709,0
2545,2-s2.0-85091738363,0
2546,2-s2.0-0030264972,0
2547,2-s2.0-85078185439,0
2548,2-s2.0-0029516679,0
2549,2-s2.0-85069794610,0
2550,2-s2.0-85073737125,0
2551,2-s2.0-85107773267,1
2552,2-s2.0-85049417789,0
2553,2-s2.0-85053127357,0
2554,2-s2.0-85109386921,0
2555,2-s2.0-84949239039,0
2556,2-s2.0-84928805681,0
2557,2-s2.0-85116599183,0
2558,2-s2.0-85109622850,0
2559,2-s2.0-85057734710,0
2560,2-s2.0-84903735854,1
2561,2-s2.0-84870762021,1
2562,2-s2.0-85137261778,1
2563,2-s2.0-85119328447,0
2564,2-s2.0-85089528715,0
2565,2-s2.0-85084122263,0
2566,2-s2.0-85056173123,0
2567,2-s2.0-85026538540,0
2568,2-s2.0-85129454872,1
2569,2-s2.0-85129484514,1
2570,2-s2.0-85126030663,0
2571,2-s2.0-85101980222,0
2572,2-s2.0-85101796034,1
2573,2-s2.0-85076551723,0
2574,2-s2.0-85058027397,0
2575,2-s2.0-85020464139,0
2576,2-s2.0-84995531387,1
2577,2-s2.0-84975467040,0
2578,2-s2.0-84953923487,0
2579,2-s2.0-84988259131,0
2580,2-s2.0-84877702977,0
2581,2-s2.0-77955658887,0
2582,2-s2.0-85105851734,0
2583,2-s2.0-85072859782,0
2584,2-s2.0-84969674629,0
2585,2-s2.0-84895546400,0
2586,2-s2.0-84885137686,0
2587,2-s2.0-79959352310,0
2588,2-s2.0-73449114208,0
2589,2-s2.0-85139248306,0
2590,2-s2.0-85132529192,0
2591,2-s2.0-85133231720,0
2592,2-s2.0-85137156288,1
2593,2-s2.0-85123590125,1
2594,2-s2.0-85107763897,0
2595,2-s2.0-85106034181,0
2596,2-s2.0-85107144161,0
2597,2-s2.0-85093838823,0
2598,2-s2.0-85089416200,1
2599,2-s2.0-85097866242,0
2600,2-s2.0-85088484569,0
2601,2-s2.0-85074423837,0
2602,2-s2.0-85078977762,0
2603,2-s2.0-85076020216,0
2604,2-s2.0-85029500151,0
2605,2-s2.0-85027924613,0
2606,2-s2.0-84963944058,0
2607,2-s2.0-84960795599,0
2608,2-s2.0-84941268402,0
2609,2-s2.0-84923072002,0
2610,2-s2.0-84900853360,0
2611,2-s2.0-84865604187,0
2612,2-s2.0-84866434062,0
2613,2-s2.0-64749090391,0
2614,2-s2.0-41249087427,0
2615,2-s2.0-26944450502,0
2616,2-s2.0-0030803689,0
2617,2-s2.0-85049271237,1
2618,2-s2.0-84889575604,0
2619,2-s2.0-84953352457,1
2620,2-s2.0-81555203536,1
2621,2-s2.0-84857915948,1
2622,2-s2.0-55749085879,1
2623,2-s2.0-85037343770,0
2624,2-s2.0-84940434868,0
2625,2-s2.0-84868694240,0
2626,2-s2.0-84993938770,1
2627,2-s2.0-79953097062,0
2628,2-s2.0-79959727704,0
2629,2-s2.0-84896528017,0
2630,2-s2.0-84899884007,1
2631,2-s2.0-77954408514,1
2632,2-s2.0-79952914179,0
2633,2-s2.0-84888133303,1
2634,2-s2.0-84921636601,0
2635,2-s2.0-84858148921,1
2636,2-s2.0-84857447358,0
2637,2-s2.0-85104878905,1
2638,2-s2.0-84912014907,0
2639,2-s2.0-70350732746,0
2640,2-s2.0-84975783866,1
2641,2-s2.0-84928966877,0
2642,2-s2.0-84903147800,0
2643,2-s2.0-49449101417,0
2644,2-s2.0-84961827895,1
2645,2-s2.0-84887704011,1
2646,2-s2.0-84874049922,0
2647,2-s2.0-84856216137,0
2648,2-s2.0-84938073005,0
2649,2-s2.0-84878639480,0
2650,2-s2.0-80054828835,0
2651,2-s2.0-85092091801,0
2652,2-s2.0-84975483835,0
2653,2-s2.0-84958260114,1
2654,2-s2.0-77956986364,1
2655,2-s2.0-85014789133,0
2656,2-s2.0-84884817914,0
2657,2-s2.0-85061657890,0
2658,2-s2.0-85046345815,0
2659,2-s2.0-85000797879,0
2660,2-s2.0-85059852122,0
2661,2-s2.0-85047497255,0
2662,2-s2.0-84893376126,0
2663,2-s2.0-84921751040,0
2664,2-s2.0-4143107901,0
2665,2-s2.0-85086123888,0
2666,2-s2.0-85025632124,0
2667,2-s2.0-84954377607,0
2668,2-s2.0-85085321198,0
2669,2-s2.0-85071940817,0
2670,2-s2.0-0036088497,1
2671,2-s2.0-0002974119,0
2672,2-s2.0-84876122219,0
2673,2-s2.0-20144377385,0
2674,2-s2.0-85082309155,0
2675,2-s2.0-85047465518,0
2676,2-s2.0-84995387570,1
2677,2-s2.0-85089856518,0
2678,2-s2.0-85077512238,0
2679,2-s2.0-85029176162,0
2680,2-s2.0-84988592534,0
2681,2-s2.0-84944278786,0
2682,2-s2.0-84904575988,0
2683,2-s2.0-0036489177,0
2684,2-s2.0-0035501477,0
2685,2-s2.0-0343303350,0
2686,2-s2.0-85087655344,0
2687,2-s2.0-85074436972,0
2688,2-s2.0-85018798465,0
2689,2-s2.0-84963938799,0
2690,2-s2.0-84964703700,1
2691,2-s2.0-84921273336,1
2692,2-s2.0-84887002589,1
2693,2-s2.0-84872603368,0
2694,2-s2.0-0027036234,0
2695,2-s2.0-36549069674,0
2696,2-s2.0-0035181894,1
2697,2-s2.0-85111647714,1
2698,2-s2.0-84997281784,0
2699,2-s2.0-84994158277,0
2700,2-s2.0-79953881281,0
2701,2-s2.0-85032965195,0
2702,2-s2.0-85021125773,0
2703,2-s2.0-84954551442,0
2704,2-s2.0-84958122914,0
2705,2-s2.0-1542684536,0
2706,2-s2.0-85076689999,0
2707,2-s2.0-85021707675,0
2708,2-s2.0-84969509898,0
2709,2-s2.0-81455153968,0
2710,2-s2.0-85093961035,0
2711,2-s2.0-68649087182,0
2712,2-s2.0-85050866584,0
2713,2-s2.0-84899487661,0
2714,2-s2.0-70649106912,0
2715,2-s2.0-85012107906,0
2716,2-s2.0-84988484656,0
2717,2-s2.0-84959310819,0
2718,2-s2.0-85038846234,0
2719,2-s2.0-84940453822,0
2720,2-s2.0-84878602826,0
2721,2-s2.0-85105281224,0
2722,2-s2.0-85084512389,0
2723,2-s2.0-0028551841,0
2724,2-s2.0-84986322604,0
2725,2-s2.0-84966312144,0
2726,2-s2.0-84899975146,0
2727,2-s2.0-84887996821,0
2728,2-s2.0-84877982386,0
2729,2-s2.0-84876050125,0
2730,2-s2.0-85019683181,0
2731,2-s2.0-85102400571,1
2732,2-s2.0-85079386512,0
2733,2-s2.0-85010619118,1
2734,2-s2.0-80052086579,0
2735,2-s2.0-85099962113,0
2736,2-s2.0-85070414741,0
2737,2-s2.0-85049436724,0
2738,2-s2.0-80052719101,1
2739,2-s2.0-77958158884,0
2740,2-s2.0-0029660607,0
2741,2-s2.0-85108889420,0
2742,2-s2.0-85110942154,0
2743,2-s2.0-85095758431,1
2744,2-s2.0-84934997927,0
2745,2-s2.0-84917692777,0
2746,2-s2.0-85118703208,1
2747,2-s2.0-85114508975,0
2748,2-s2.0-85088567638,1
2749,2-s2.0-85054381001,0
2750,2-s2.0-84876038995,0
2751,2-s2.0-85113553691,0
2752,2-s2.0-85104632978,1
2753,2-s2.0-85102657193,0
2754,2-s2.0-85052390227,0
2755,2-s2.0-84928167192,0
2756,2-s2.0-84906257575,1
2757,2-s2.0-39649101502,0
2758,2-s2.0-85111361919,0
2759,2-s2.0-85100568637,0
2760,2-s2.0-84906498522,0
2761,2-s2.0-0033920152,0
2762,2-s2.0-85122666442,0
2763,2-s2.0-85113351056,0
2764,2-s2.0-85066094866,0
2765,2-s2.0-85057089601,0
2766,2-s2.0-84936971075,1
2767,2-s2.0-85125593267,1
2768,2-s2.0-85083689825,0
2769,2-s2.0-85062387398,1
2770,2-s2.0-84937553138,0
2771,2-s2.0-84876057290,0
2772,2-s2.0-84876052820,0
2773,2-s2.0-84876049296,0
2774,2-s2.0-85121448900,0
2775,2-s2.0-85081218432,0
2776,2-s2.0-84991666942,0
2777,2-s2.0-85027019365,0
2778,2-s2.0-84888317210,0
2779,2-s2.0-85128474559,0
2780,2-s2.0-85111478376,0
2781,2-s2.0-85108349468,1
2782,2-s2.0-85130443047,0
2783,2-s2.0-85135151684,0
2784,2-s2.0-85142871223,0
2785,2-s2.0-85115347065,0
2786,2-s2.0-85118238648,0
2787,2-s2.0-85104574088,0
2788,2-s2.0-85065638309,0
2789,2-s2.0-85140719768,0
2790,2-s2.0-85141269118,0
2791,2-s2.0-85135712097,0
2792,2-s2.0-85141795376,0
2793,2-s2.0-85132836302,0
2794,2-s2.0-85135018921,0
2795,2-s2.0-85128165900,0
2796,2-s2.0-85125018599,0
2797,2-s2.0-85142678925,0
2798,2-s2.0-85142132019,0
2799,2-s2.0-85142847365,0
2800,2-s2.0-85142203176,0
2801,2-s2.0-85142134436,1
2802,2-s2.0-85142159535,0
2803,2-s2.0-85141392658,0
2804,2-s2.0-85139010731,1
2805,2-s2.0-85142885951,0
2806,2-s2.0-85141917007,0
2807,2-s2.0-85141798792,0
2808,2-s2.0-85142694509,0
2809,2-s2.0-85142499970,0
2810,2-s2.0-85141974945,0
2811,2-s2.0-85141205176,0
2812,2-s2.0-85142921618,0
2813,2-s2.0-85143236948,0
2814,2-s2.0-85141935118,0
2815,2-s2.0-85141726901,0
2816,2-s2.0-85143237836,0
2817,2-s2.0-85142735187,0
2818,2-s2.0-85142702276,0
2819,2-s2.0-85142524529,0
2820,2-s2.0-85142411789,0
2821,2-s2.0-85142100951,0
2822,2-s2.0-85142074863,0
2823,2-s2.0-85141863407,0
2824,2-s2.0-85141602830,0
2825,2-s2.0-85141572554,0
2826,2-s2.0-85141990685,0
2827,2-s2.0-85134761692,0
2828,2-s2.0-85137668605,1
2829,2-s2.0-85131090875,0
2830,2-s2.0-85129507910,0
2831,2-s2.0-85123853234,0
2832,2-s2.0-85131082802,0
2833,2-s2.0-85143208469,0
2834,2-s2.0-85142369225,0
2835,2-s2.0-85142300038,1
2836,2-s2.0-85142269216,1
2837,2-s2.0-85142267088,0
2838,2-s2.0-85142245618,0
2839,2-s2.0-85141544858,0
2840,2-s2.0-85141507581,0
2841,2-s2.0-85141441478,0
2842,2-s2.0-85141437636,0
2843,2-s2.0-85141432616,1
2844,2-s2.0-85141425046,0
2845,2-s2.0-85141348053,0
2846,2-s2.0-85141158059,0
2847,2-s2.0-85139459812,0
2848,2-s2.0-85034866891,0
2849,2-s2.0-85033432581,0
